State,State code,Clean,Bioenergy,Coal,Gas,Fossil,Solar,Hydro,Nuclear,Wind,Other Renewables,Other Fossil,Total Generation,Clean_prop,Bioenergy_prop,Coal_prop,Gas_prop,Fossil_prop,Solar_prop,Hydro_prop,Nuclear_prop,Wind_prop,Other Renewables_prop,Other Fossil_prop,Total Generation_prop,Democrat,Republican,Total,Democrat_prop,Republican_prop,Total_Population,total_households,Median_income,per_capita_income,households_below_poverty_line,black_population,white_population,asian_population,native_population,black_prop,white_prop,asian_prop,yearly_sunlight_kwh_kw_threshold_avg,existing_installs_count,carbon_offset_metric_tons,carbon_offset_metric_tons_per_panel,carbon_offset_metric_tons_per_capita,existing_installs_count_per_capita,panel_utilization,carbon_offset_kg_per_panel,carbon_offset_kg,"Net Upfront Cost (assuming $17,500 system @ $2.5 per W, federal tax credit)","Adjusted Payback Period (Years, under energy generation assumptions)",State-level Incentives,Numeric state-level upfront incentive,Notes,estimated_install_count,Residential_cap_24,Residential_cap_25,Residential_gen_24,Residential_gen_25,Commercial_cap_24,Commercial_cap_25,Commercial_gen_24,Commercial_gen_25,Industrial_cap_24,Industrial_cap_25,Industrial_gen_24,Industrial_gen_25,Total_cap_24,Total_cap_25,Total_gen_24,Total_gen_25,Residential_cap_prop_24,Residential_gen_prop_24,Residential_cap_prop_25,Residential_gen_prop_25,Residential_added_cap,Residential_added_gen,prop_cap_added
Alabama,AL,56608.38,3190.15,25943.99,62217.45,88202.31,916.36,10188.21,42313.66,0.0,0.0,40.87,144810.69,0.390912991299192,0.0220297962809237,0.1791579751467243,0.429646803008811,0.6090870087008079,0.006327985868999,0.0703553722449634,0.2921998369043059,0.0,0.0,0.0002822305452725,1.0,849624,1441170,2323282,0.3656999021212233,0.620316431668648,3580996,1393991,15062489,7882934,524101,1037217,2256209,64361,11438,66.70884209590213,148.33719267234068,3.4270359109639443,251860.70348700543,543.0,15639477.246770388,46.95260026752094,1158.780222043395,0.038652309529789944,0.001279833436460525,46952.60026752095,15639477246.77039,12250,22,No state-level incentive,0,"No net metering; exports not compensated, property tax exemption",3.6383603607590134,14.247,14.155,0.086,0.081,6.133,6.202,7.099,7.095,0.171,0.195,0.0,0.0,19.077,20.552,7.186,7.176,0.0004341757741132,2.6257337795474382e-08,0.000385191596831,2.19816398141777e-08,-0.0920000000000005,-0.0049999999999999,-2.3385587411640102e-05
Alaska,AK,1909.27,40.84,726.93,3229.38,4800.59,15.72,1713.43,0.0,139.28,0.0,844.28,6709.86,0.2845469205020671,0.0060865651444292,0.1083375808139067,0.4812887303162808,0.7154530794979329,0.0023428208636245,0.2553600224147747,0.0,0.0207575120792386,0.0,0.1258267683677453,1.0,153778,189951,359530,0.4277195227102049,0.5283314327038078,315399,118383,1351878,664647,29757,17344,184929,29796,25904,0.8488804881949991,9.185644110392497,1.2079412597486294,10922.499999999998,82.0,444555.46901581757,1.2329708743047707,24.648285148787895,0.0037520223745645003,0.00024895341788238505,1232.970874304772,444555469.0158175,12250,8,No state-level incentive,0,Net metering; full retail credit,1.4392309452964067,60.0,80.0,3766.0,5022.0,0.0,0.0,0.0,0.0,1.884,1.884,208.697,208.697,0.0,0.0,0.0,0.0,0.0018284934685756,0.0011498271411367,0.0021769924229234,0.001362861668479,20.0,1256.0,0.0050838233503565
Arizona,AZ,50169.07,204.27,13449.47,45053.25,58523.72,11063.08,5394.58,31942.79,1564.35,0.0,21.0,108692.79,0.4615675979979905,0.0018793334866093,0.1237383822790821,0.414500814635451,0.5384324020020096,0.1017830161503812,0.0496314428951543,0.2938814064851956,0.0143923989806499,0.0,0.0001932050874763,1.0,1672143,1661686,3387326,0.4936469061436661,0.4905598103046474,6064322,2325025,14884439,7806645,737643,297760,4062695,228008,136791,7.924152513981539,129.32568014499208,6.420261518182237,257761.2893136455,39628.0,25295380.996590074,32.31860707608501,818.2028635802229,1.328175357025317,0.0560913086682351,32318.607076085016,25295380996.59008,11250,10,"$1,000 state personal tax credit",1000,Net billing; export credit at ~7-8/kWh,42.919866010362696,144.309,176.701,14707.78,18011.757,84.258,117.645,8479.118,11913.935,23.817,98.643,2478.888,10256.364,252.384,392.989,25665.79,40182.06,0.0043978010659446,0.0044905482288549,0.0048084592265374,0.0048879994419073,32.392,3303.9770000000008,0.0082337602982374
Arkansas,AR,19668.46,841.31,20360.87,26037.43,46467.52,966.73,3536.02,14323.7,0.0,0.7,69.22,66135.98,0.2973942474277995,0.0127209122780066,0.3078637377113032,0.3936953833601619,0.7026057525722005,0.0146173081581311,0.0534659046407114,0.2165795380971144,0.0,1.0584253835809193e-05,0.0010466315007353,1.0,423932,760647,1219069,0.3477506195301496,0.6239572985614432,1551668,606987,5358844,2980728,230010,262776,1057364,33330,9063,12.744698775656207,60.88323279772652,1.5014481087624543,89820.78605537581,238.0,7117454.497278146,16.47018986369036,359.8751824804063,0.012405640706268171,0.000493330909625647,16470.189863690364,7117454497.278146,12250,22,No state-level incentive,0,Net metering; full retail credit,10.762876194425608,2119.451,2296.433,277494.44,307864.926,577.126,605.634,83726.601,88596.012,7.28,7.28,1112.233,1112.233,2703.86,2909.35,362333.27,397573.17,0.0645900385077676,0.084724014505186,0.062491465509392,0.0835478507993885,176.98199999999997,30370.48599999997,0.0449872612096398
California,CA,129805.37,5307.32,251.56,96371.55,98385.79,62909.93,17489.1,17593.25,14638.06,11867.71,1762.68,228191.16,0.5688448667336631,0.0232582191176906,0.0011024090503768,0.4223281480316766,0.4311551332663368,0.2756896016480217,0.0766423204124121,0.0770987359895974,0.0641482343137218,0.0520077552522192,0.0077245761842833,1.0,11110250,6006429,17500881,0.6348394689387351,0.3432072362528492,37065589,12561788,113635764,56590087,4367201,2134589,17498522,5859082,354306,57.26854063739091,571.7434438535395,160.38825575948488,1419259.2283605086,331086.0,66568838.430708155,111.34403416459989,2196.9257104435674,10.347298564956828,0.5395277444677602,111344.03416459993,66568838430.70815,12250,8,No state-level incentive,0,Net billing (NEM 3.0); exports at avoided cost (~8/kWh),44.32589110072014,11825.041,12821.101,1254610.316,1344156.599,3252.877,3694.048,365045.077,414362.103,1686.872,1778.184,180347.99,190563.707,16764.79,18293.33,1800003.38,1949082.41,0.3603668372356481,0.3830549635918472,0.3488929966317028,0.3647748915193591,996.0600000000012,89546.28299999982,0.2531896543178058
Colorado,CO,22207.64,162.93,21723.0,15445.53,37246.43,3771.74,1323.4,0.0,16911.13,38.44,77.9,59454.07,0.3735259840074867,0.0027404347591342,0.3653744815115264,0.2597892793546346,0.6264740159925132,0.0634395593102373,0.0222591994122521,0.0,0.2844402410129366,0.0006465495129265,0.0013102551263521,1.0,1804352,1364607,3279980,0.5501106714065329,0.4160412563491241,4602204,1826250,15697285,8128515,432069,219953,3420305,172430,42178,7.366124902779138,126.26322745998885,5.476003129708326,207824.84149214398,24229.0,14825331.483038079,36.19721118916299,521.2280054045649,0.8201929796078267,0.061974631611961546,36197.211189163005,14825331483.038078,11250,8,No state-level incentive,0,Net metering; full retail credit,18.148648510541875,845.786,945.192,97283.816,107055.909,218.352,232.242,26145.541,27588.669,31.759,33.386,4148.724,4355.412,1095.9,1210.82,127578.08,138999.99,0.0257752362802116,0.0297024885900555,0.0257209477775982,0.0290526473039183,99.40600000000006,9772.092999999992,0.025268127198277
Connecticut,CT,18775.45,513.98,0.0,24530.69,25336.75,1470.32,313.54,16464.17,12.83,0.61,806.06,44112.2,0.4256294177121069,0.0116516519239575,0.0,0.5560976328544031,0.5743705822878932,0.0333313686463155,0.0071077842410943,0.3732339352832096,0.0002908492435199,1.382837400991109e-05,0.01827294943349,1.0,1080831,714717,1823857,0.5926073151568352,0.3918711828833072,3001024,1173592,18713664,9693940,314360,359250,2032195,151129,7865,16.08786375354719,130.72470372594546,8.244594109094571,175896.47458203827,5266.0,5327183.7540295115,21.89833796905556,299.7361443984413,0.3006459102211722,0.02677039421055684,21898.337969055567,5327183754.0295105,12250,6,No state-level incentive,0,Net metering; full retail credit,8.359007782809435,679.964,825.923,40679.351,59627.231,270.33,330.829,22769.907,30118.594,37.344,51.672,3555.031,4917.915,987.638,1208.42,67004.29,94663.74,0.0207218288811091,0.012420133261717,0.0224753514114775,0.0161815347525774,145.95899999999995,18947.88,0.0371014886197343
Delaware,DE,305.28,78.97,104.75,4749.65,5161.15,221.93,0.0,0.0,4.38,0.0,306.75,5466.43,0.0558463201760564,0.0144463571288757,0.0191624149582085,0.868876030608642,0.9441536798239436,0.0405987088465415,0.0,0.0,0.0008012542006391,0.0,0.0561152342570928,1.0,296268,200603,504346,0.5874300579364167,0.3977487677110555,727027,283045,2840070,1498591,84194,186523,426636,36364,2245,6.721023660645084,22.66991855794955,1.2119009262068636,34922.22285282927,87.0,2009641.1987204275,6.475595285912901,86.995388367754,0.01052896815625289,0.000739147053880109,6475.595285912903,2009641198.7204273,7350,6,No state-level incentive,0,Net metering; full retail credit,6.354979204367,101.522,109.397,8056.323,9406.313,22.351,26.991,2167.675,2651.768,7.547,7.68,689.301,716.391,131.42,144.068,10913.3,12774.47,0.0030938718986122,0.0024597394697726,0.0029769555011319,0.002552668942536,7.875,1349.9899999999998,0.0020017554442028
Florida,FL,49238.55,4005.84,15531.57,193310.09,211731.31,13884.58,230.96,30768.33,0.0,348.84,2889.66,260969.87,0.1886752290599677,0.0153498179694077,0.0595148014596474,0.740737196979866,0.8113247326214326,0.0532037663964809,0.0008850063802384,0.1178999322795386,0.0,0.0013367060343019,0.0110727725005189,1.0,5297045,5668731,11067456,0.4786145072544223,0.5121981962250404,19229147,7495134,52696286,30554811,2407197,3052838,12155823,566394,49028,96.8448477800035,491.0900876608812,18.813522818045037,828763.1776888208,105273.0,84439219.29382566,131.34304540067538,3491.0340172076794,4.2174188944868085,0.1441400538275756,131343.04540067542,84439219293.82565,12250,9,No state-level incentive,0,Net metering; full retail credit,16.753374635586553,2245.115,2592.819,285493.58,327979.413,188.85,200.211,24724.89,26063.89,45.774,36.785,6029.34,4840.741,2479.74,2829.82,316247.81,358884.04,0.0684196352283524,0.0871662949825498,0.0705568414626493,0.0890064854695238,347.7040000000002,42485.832999999984,0.0883832857106181
Georgia,GA,49696.01,5727.42,16778.38,59848.73,77071.28,7331.78,2533.93,34073.59,0.0,29.29,444.17,126767.29,0.3920254980602646,0.045180582467291,0.1323557520240434,0.472114928070167,0.6079745019397355,0.0578365286502535,0.0199888315037735,0.2687885021443623,0.0,0.0002310532945841,0.0035038218455249,1.0,2473633,2461854,4999960,0.4947305578444627,0.492374738997912,8096154,2990860,19947681,10373413,989838,2772115,3996714,439387,31387,85.06631873263122,137.05044570478483,11.435148375252144,281800.38242615986,1897.0,26543198.179985456,49.662781040188904,1940.1306408188525,0.06354044847455462,0.0036653608848096954,49662.781040188915,26543198179.98546,12250,10,No state-level incentive,0,No net metering; exports compensated at avoided cost (~3-4/kWh),26.017636799769587,118.988,134.909,13832.576,15551.321,50.628,56.828,5780.715,6624.683,149.802,150.467,17507.898,17585.715,319.418,342.204,37121.19,39761.72,0.0036261463473145,0.0042233327978322,0.0036711983848022,0.0042202905784772,15.920999999999992,1718.7450000000008,0.0040469775780513
Hawaii,HI,3163.49,277.06,647.76,0.0,7561.48,1881.69,110.08,0.0,625.42,269.24,6913.72,10724.97,0.2949649276408232,0.0258331724937225,0.0603973717408999,0.0,0.7050350723591767,0.1754494418166204,0.0102638981740741,0.0,0.0583143822313722,0.0251040329250338,0.6446377006182769,1.0,366130,196864,579784,0.6314937976901742,0.3395471416941482,1126561,382297,2930371,1340032,95517,24141,234755,478604,2421,0.5259601492457342,6.703067102644136,11.587132118171054,36784.600000000006,25367.0,4620506.28951816,6.622983051710041,114.46454914466474,0.6397085080851667,0.035072699801405406,6622.983051710041,4620506289.518159,7250,5,"35% state tax credit (up to $5,000)",5000,No net metering; exports not compensated,51.15428739200643,577.188,624.97,77583.216,72041.429,288.415,295.027,37145.104,38140.034,2.234,2.234,302.922,302.922,867.837,922.231,115031.24,110484.39,0.0175897414690037,0.023687543136875,0.0170069369319308,0.0195504783206994,47.78200000000004,-5541.786999999997,0.0121457623663367
Idaho,ID,12089.06,460.4,6.27,4335.01,4391.84,711.94,8359.74,0.0,2441.69,115.29,50.56,16480.9,0.7335194073139208,0.0279353676073515,0.000380440388571,0.2630323586697328,0.266480592686079,0.0431978836107251,0.507238075590532,0.0,0.1481527101068509,0.0069953703984612,0.0030677936277751,1.0,287021,554119,868014,0.3306640215480395,0.6383756483190364,1198031,443911,3009409,1518669,115796,10049,1017555,20370,11249,0.3275716308581001,34.276624088556375,0.6919732394357677,44876.10945126948,528.0,1993057.5312633077,3.4562738692660844,60.19933113767799,0.01639738830405342,0.000943566114862607,3456.2738692660864,1993057531.2633078,12250,20,No state-level incentive,0,"Net billing; exports credited at new tariff (~6/kWh), 40% of cost of system can be deducted from state income tax",15.864565995256084,135.112,154.76,10036.145,11507.58,148.861,170.225,10998.466,12593.353,11.757,12.504,875.019,931.056,295.73,337.489,21909.63,25031.99,0.0041175234921031,0.0030642145282483,0.0042113918421454,0.0031229071443559,19.648,1471.4349999999995,0.0049943480593902
Illinois,IL,125565.9,282.71,40559.22,19789.29,60913.63,2794.94,115.24,98869.58,23493.8,9.63,565.12,186479.53,0.6733495091927784,0.0015160377120212,0.2174995829300942,0.1061204412087482,0.3266504908072216,0.0149879185130936,0.0006179766755096,0.5301899892175833,0.1259859460177747,5.164105679588532e-05,0.003030466668379,1.0,3471915,2446891,6033743,0.5754164537667581,0.4055345081817372,10090611,3898959,37391766,19241283,1167302,1673894,6032720,690717,50912,65.00314715873405,275.8873028649922,23.733275089975926,413121.9311776073,2443.0,38651346.04724944,99.13066409304402,1785.6070860227137,0.12573864720857017,0.009467495255125292,99130.66409304403,38651346047.249435,12250,10,No state-level incentive,0,Net metering capped; exports credited at supply rate (~50% retail),6.7654118289798895,131.102,150.924,8856.42,10124.341,8.978,10.351,601.971,691.812,17.506,18.499,1222.788,1283.96,157.586,179.774,10681.18,12100.11,0.00399531917862,0.0027040233906813,0.0041070050554662,0.0027475261384927,19.822000000000003,1267.9210000000005,0.0050385773225383
Indiana,IN,12152.47,385.91,51384.11,32120.9,86230.68,1363.37,370.83,0.0,9985.21,47.15,2725.67,98383.15,0.1235218632458911,0.003922521285403,0.5222856759516239,0.3264878182900222,0.8764781367541088,0.0138577591792903,0.0037692430055349,0.0,0.101493091042521,0.0004792487331418,0.0277046425124627,1.0,1242416,1729519,3033118,0.4096167705971215,0.5702115776570512,4490342,1780253,15575577,8049968,561534,603183,3326011,152925,8774,27.411389303938304,169.00459633064048,5.209577457131296,215358.84505635544,982.0,22121780.185310766,52.221855456968456,1010.03056797165,0.04467979998903269,0.0028868331170643488,52221.85545696847,22121780185.31077,12250,20,No state-level incentive,0,Net metering phased out; exports at ~wholesale (~4-5/kWh),6.330689596906184,622.938,891.571,35144.597,60497.571,545.678,632.991,40401.766,47544.45,9.389,9.523,678.821,688.495,1178.01,1534.09,76225.18,108730.52,0.0189839677387926,0.0107302738966839,0.0242617913937285,0.0164177261154894,268.63300000000004,25352.974,0.068284135903816
Iowa,IA,47801.34,220.14,18172.13,7339.04,25593.03,693.46,1009.83,0.0,45761.37,116.54,81.86,73394.37,0.6512943703992554,0.0029994126252463,0.2475956943291427,0.0999945908657571,0.3487056296007446,0.0094484086449682,0.0137589572606182,0.0,0.6234997316551666,0.0015878602132561,0.0011153444058447,1.0,759061,897672,1700130,0.4464723285866375,0.5280019763194579,1539124,623359,8028705,4033438,182809,97172,1257107,61674,4957,5.166097419361178,82.56043374497335,3.037821059254481,99009.04392081,247.0,4435099.438156411,14.578613266254912,481.2736141060735,0.016372377763806352,0.0008751702989669312,14578.613266254915,4435099438.156411,12250,13,No state-level incentive,0,Net metering; full retail credit,7.00400662948172,100.437,112.219,7593.243,8517.247,130.601,148.888,9305.575,10691.359,10.205,14.956,704.834,1050.382,241.243,276.063,17603.65,20258.99,0.0030608066417221,0.0023183528652804,0.0030537489088505,0.0023113957501529,11.781999999999996,924.003999999999,0.002994880335695
Kansas,KS,38915.22,60.84,20229.36,3362.56,23369.2,161.27,23.67,8981.96,29687.48,0.0,-222.72,62284.42,0.6247986254026289,0.0009768092887434,0.3247900518299761,0.0539871768895014,0.3752013745973712,0.0025892510518681,0.0003800308327507,0.144208776448428,0.4766437577808383,0.0,-0.0035758541221062,1.0,570323,771406,1372303,0.4155955353883216,0.5621251283426474,1672859,660440,9370316,4874169,185724,128402,1259561,75392,11675,7.722576099667805,86.93270147510624,4.1494621568881636,123258.11756401087,732.0,8039830.044455824,24.96412655700742,631.725639736855,0.044864858401914356,0.002496543313430138,24964.12655700742,8039830044.455826,12250,10,No state-level incentive,0,Net metering; full retail credit,1.30839252770714,61.911,74.782,6771.063,8151.698,26.624,33.744,2870.856,3643.945,1.94,0.0,210.779,0.0,90.475,111.705,9852.7,12139.89,0.0018867309855497,0.0020673266095981,0.0020349980921382,0.0022121936951846,12.870999999999997,1380.6350000000002,0.0032716945171219
Kentucky,KY,5125.3,447.57,47053.33,16917.63,64105.26,147.9,4529.83,0.0,0.0,0.0,134.3,69230.56,0.0740323348532786,0.0064649195384234,0.6796612651984905,0.244366505196549,0.9259676651467214,0.0021363397898269,0.0654310755250282,0.0,0.0,0.0,0.0019398947516819,1.0,772474,1326646,2136768,0.3615151481115404,0.6208657186929044,2269373,914423,8079802,4412212,297071,279063,1775053,57184,3006,11.616097602928514,88.08631104533316,2.2007919360916137,109330.53130182928,724.0,10933871.886247927,25.038529642062908,643.5045475898419,0.03556196858402698,0.001738650328454925,25038.52964206291,10933871886.247927,12250,22,No state-level incentive,0,Net metering with adjusted PSC-set credit (~retail),1.3527785719040533,71.345,81.486,6028.981,6886.133,22.411,26.653,1932.068,2291.762,1.356,2.702,115.761,230.182,95.112,110.841,8076.81,9408.08,0.0021742311085921,0.0018407557055755,0.0022174300571792,0.0018687468557842,10.141000000000004,857.152,0.0025777526297982
Louisiana,LA,19705.65,2076.68,8172.86,72275.01,83061.29,468.4,916.07,16164.72,0.0,79.78,2613.42,102766.94,0.1917508685186111,0.0202076660062078,0.079528105050126,0.7032904745436616,0.8082491314813888,0.0045578860283277,0.0089140534884078,0.1572949432959665,0.0,0.000776319699701,0.0254305518876012,1.0,856034,1255776,2148062,0.3985145680152621,0.5846088241400853,3143387,1212891,9966490,5470588,558718,1094442,1743268,68470,13343,54.05129699950043,92.67163416148614,3.1753308121038053,174436.5363822814,8217.0,16056716.033869501,32.3638435849153,784.2748300374544,0.36700601329926413,0.013051848621734065,32363.84358491531,16056716033.869503,12250,21,No state-level incentive,0,Net metering ended; exports at avoided cost (~3/kWh),2.685217269927278,173.381,194.045,18678.65,20881.097,14.769,14.639,1587.692,1581.07,0.086,0.106,9.154,11.307,188.236,208.79,20275.5,22473.47,0.0052837671012518,0.0057029258443422,0.0052804311838272,0.0056666759651716,20.663999999999987,2202.447,0.0052526062855883
Maine,ME,8369.63,1812.66,42.44,4142.68,4739.85,768.04,3063.33,0.0,2716.38,9.22,554.73,13109.48,0.6384410365628537,0.1382709306547628,0.003237351901067,0.3160064319866234,0.3615589634371463,0.0585866106054549,0.2336728840503208,0.0,0.2072073034170692,0.0007033078352459,0.0423151795494558,1.0,435072,360737,828305,0.5252557934577239,0.4355122811041826,563956,241881,4433523,2483362,53517,16762,507396,9083,1727,0.7710913791215726,51.17723968207666,0.5112937586283434,53793.95891951047,359.0,944618.7243477348,6.6994665392800155,66.57917117704646,0.04413202313645219,0.003184601073596502,6699.466539280015,944618724.3477352,12250,7,No state-level incentive,0,Net metering; full retail credit,14.277439612674435,1207.528,1366.479,73602.393,91880.036,1368.369,1550.701,122787.105,141441.222,91.539,52.494,8461.589,4869.259,2667.44,2969.67,204851.09,238190.52,0.0367992843520363,0.0224721266925146,0.0371851803635501,0.0249342451538972,158.95100000000002,18277.643,0.0404039402681259
Maryland,MD,19396.81,312.47,4639.31,13949.64,19025.38,1996.37,1779.68,14810.68,497.61,0.0,436.43,38422.19,0.5048335349963133,0.0081325400764506,0.1207455899832883,0.3630620742857187,0.4951664650036866,0.0519587769463427,0.0463190671848741,0.3854720410262923,0.0129511097623534,0.0,0.0113588007346796,1.0,1985023,976414,3037030,0.6536066486007711,0.3215029156774875,3960605,1506410,15858276,7705706,403345,1369988,1726331,318478,12477,44.08603861813499,76.5368208023573,10.615012578554794,154741.2429241885,6063.0,9268962.536034286,29.309659044639695,432.48104307732365,0.20936917337482353,0.02316276708416143,29309.659044639702,9268962536.034286,11250,8,No state-level incentive,0,Net metering; full retail credit,12.901343961532417,832.951,910.666,52630.826,63015.829,201.895,215.565,17911.153,19696.806,19.867,20.009,1890.698,1911.025,1054.71,1146.24,72432.68,84623.66,0.0253840910523921,0.0160691322876376,0.024781412272675,0.0171011266132075,77.71500000000003,10385.002999999995,0.0197544665836478
Massachusetts,MA,7008.71,936.9,0.0,15775.97,17461.83,5353.15,477.57,0.0,215.68,25.41,1685.86,24470.54,0.2864141943741331,0.0382868543154339,0.0,0.6446923525185795,0.7135858056258669,0.2187589648614211,0.0195161202000446,0.0,0.0088138635273271,0.0010383914699062,0.0688934531072873,1.0,2382202,1167202,3658005,0.6512298370286536,0.3190815758863096,5847925,2282405,35796993,18235881,590222,476407,4084687,452244,12279,18.590070801618367,238.2435240473204,21.255017751301942,306069.8615851046,15347.0,8382509.482979517,38.26174273654074,466.565114128628,0.8144009748772092,0.08067113970832965,38261.74273654075,8382509482.979518,12250,6,"$1,000 state tax credit",1000,Net metering; full retail credit,17.489961188195995,87.636,124.294,8178.028,11097.517,496.442,739.618,46339.57,68808.183,0.026,0.026,2.48,2.48,584.104,863.938,54520.08,79908.18,0.0026706975602015,0.0024968981825214,0.0033823387026855,0.0030116249571075,36.658,2919.489,0.0093181398188684
Michigan,MI,39071.93,2257.93,34482.19,41183.79,77248.46,1105.07,517.79,26013.36,9151.18,26.6,1582.48,116320.39,0.3358992348632943,0.0194113001168582,0.2964414923299346,0.3540547792179858,0.6641007651367057,0.0095002260566698,0.0044514121728787,0.2236354262567379,0.0786721915220538,0.0002286787380957,0.0136044935887852,1.0,2804040,2649852,5539302,0.5062081829082437,0.4783729069113762,7436178,2965993,26435118,13820856,983148,1300969,5242573,309583,22661,52.15711917859912,255.1810583808235,11.827015067705236,325958.89322432457,1717.0,31977977.16866185,74.74276218336712,1451.9167018244461,0.07651995598301722,0.003969422220103606,74742.76218336713,31977977168.66185,12250,14,No state-level incentive,0,Net billing; export credit at ~50% of retail,3.3902127629310974,145.222,165.574,9103.353,10359.903,79.885,103.73,4946.362,6438.965,4.767,5.327,243.047,277.515,229.874,274.631,14292.76,17076.38,0.0044256246415581,0.0027794164510749,0.004505666792914,0.0028114525463681,20.352000000000004,1256.550000000001,0.0051732986413227
Minnesota,MN,34121.48,1186.67,16158.7,8736.08,25141.09,2144.36,950.43,14696.21,15091.23,52.58,246.31,59262.57,0.5757678075723007,0.0200239375376396,0.2726628291685629,0.1474131142135752,0.4242321924276993,0.0361840534421642,0.0160376102487624,0.2479846891553977,0.2546502792572107,0.0008872379311258,0.0041562490455611,1.0,1717077,1484065,3277171,0.5239509930974001,0.4528494240916937,3850717,1524216,18075286,9395093,341479,356277,2881141,265438,20310,14.730568857078765,145.3270861858278,10.424570148667513,183090.6221852597,1511.0,9377942.109891022,26.668476430862647,450.15818420851144,0.0712286994371259,0.0060715760490375,26668.476430862655,9377942109.891022,12250,11,No state-level incentive,0,"Net metering or optional Value of Solar tariff, sales tax exemption",11.712014380672297,170.525,200.18,11607.77,13621.716,66.033,85.181,4470.198,5757.615,15.69,15.852,1026.64,1035.042,252.248,301.213,17104.61,20414.37,0.0051967308121476,0.0035440597435136,0.0054473792902601,0.0036966377131237,29.655,2013.946,0.0075380390727411
Mississippi,MS,10424.0,1297.36,5651.37,51719.17,57379.69,525.92,0.0,8600.33,0.0,0.39,9.15,67803.69,0.1537379455306931,0.0191340618777532,0.0833490035719295,0.7627781024897022,0.8462620544693069,0.0077565100070512,0.0,0.126841621746545,0.0,5.751899343531304e-06,0.0001349484076751,1.0,539398,756764,1313759,0.410576064559786,0.5760295457538255,1407113,542887,4314682,2291440,228948,489834,822905,21011,3078,26.289271108172827,41.11930840349764,0.9195517976210472,78507.323606811,356.0,6607827.515304838,14.989713639040918,398.7627158581297,0.015221914226633906,0.0005965814973325482,14989.71363904092,6607827515.304838,12250,10,No state-level incentive,0,Net billing; avoided cost + adder (~3-5/kWh),6.698992856182059,318.297,300.36,31454.769,29568.714,156.867,162.412,15371.884,15895.254,11.902,22.853,1151.446,2198.987,487.066,485.625,47978.1,47662.96,0.0097000664261202,0.0096037034292048,0.008173518051866,0.008024306431067,-17.937000000000012,-1886.0550000000003,-0.0045594269717672
Missouri,MO,18745.54,113.25,52832.38,8151.58,61146.92,680.76,1549.21,8874.77,7524.6,2.95,162.96,79892.46,0.2346346576385305,0.0014175305153953,0.6612936940482242,0.1020319063901649,0.7653653423614694,0.0085209542928081,0.0193911916093208,0.1110839495992487,0.0941841069858156,3.692463594186485e-05,0.0020397419230801,1.0,1253014,1718736,3025962,0.4140878173618836,0.5679965577888949,3806589,1572169,14791129,7892085,441326,634240,2756449,111777,9278,35.09404574398113,139.49796546766132,4.930212279137113,208426.1333580911,2843.0,20745747.68862404,47.899477012595995,1517.910110068543,0.16938205991578098,0.006815896617153308,47899.477012596006,20745747688.62404,10500,11,No state-level incentive,0,Net metering; full retail credit,3.266193106554471,11.363,12.146,1208.988,1293.339,5.348,5.697,566.264,603.751,0.448,0.0,46.472,0.0,17.159,18.203,1821.72,1934.48,0.000346286188057,0.0003691256547287,0.0003305218746103,0.0003509840994522,0.7830000000000013,84.35099999999989,0.0001990316841664
Montana,MT,14020.65,27.95,11651.07,728.76,12667.54,84.91,9885.93,0.0,4021.86,0.0,287.71,26688.19,0.5253503515974669,0.0010472797143605,0.4365627642788814,0.0273064602732519,0.4746496484025331,0.0031815570857371,0.3704233970156837,0.0,0.1506981177816854,0.0,0.0107804238503997,1.0,244786,343602,603674,0.4054936936160908,0.5691846924002028,527843,215294,1631159,914206,60007,3897,462068,6309,20114,0.25686009356277983,19.147379627622914,0.2864222497529172,23245.79999999999,260.0,715589.7960409408,1.771614591394881,24.483841405933102,0.010342402519231369,0.0008708578439962279,1771.6145913948822,715589796.0409408,12250,14,No state-level incentive,0,Net metering; full retail credit,3.652702853848869,48.107,70.727,3530.642,5192.891,11.3,13.605,825.803,992.54,0.0,0.0,0.0,0.0,59.407,84.332,4356.45,6185.43,0.0014660555882127,0.0010779681352196,0.0019246517887013,0.0014092377722998,22.620000000000005,1662.2489999999998,0.0057498042092532
Nebraska,NE,19506.58,88.51,19945.27,1260.18,21240.45,109.99,1057.37,5618.5,12614.06,18.15,35.0,40747.03,0.4787239708022892,0.0021721828560265,0.4894901542517332,0.0309269166366235,0.5212760291977109,0.0026993378413101,0.0259496213589064,0.1378873503173114,0.3095700471911695,0.000445431237565,0.000858958309354,1.0,374583,556846,956383,0.3916663094178796,0.5822416333205421,1100907,434899,6294377,3198602,111216,83797,851800,42664,6889,4.788594328310184,58.546672845754316,2.2129343709090548,78114.89725750338,205.0,3378044.7512675347,11.512161312532676,240.40169185723764,0.012461202703981884,0.0006072441167073628,11512.161312532677,3378044751.267535,12250,13,No state-level incentive,0,"Net metering; full retail credit, upfront incentives for businesses",1.4080540826600758,374.317,427.692,43398.585,49572.669,116.735,129.367,13452.381,14896.05,11.155,12.136,1300.646,1415.223,502.207,569.195,58151.61,65883.94,0.0114072698279469,0.0132503640254721,0.0116385280418121,0.0134529451183389,53.375,6174.084000000003,0.0135674535662639
Nevada,NV,16381.91,48.89,2735.26,24844.42,27594.88,10414.56,1685.78,0.0,315.55,3917.13,15.2,43976.79,0.3725126367795375,0.0011117227974119,0.0621978093444291,0.5649439170071303,0.6274873632204624,0.2368194677237697,0.0383334026880997,0.0,0.0071753759198886,0.0890726676503674,0.0003456368689028,1.0,703486,669890,1405376,0.5005678195728402,0.4766624732455941,2514431,949352,5687033,3136751,333997,235433,1351920,235877,27827,5.8236398639901505,43.34745551565028,6.4009909905028985,100891.62137032027,12731.0,6527986.633120347,11.015206785652339,198.72977461813596,0.34032532794504533,0.020145278288020686,11015.206785652343,6527986633.120346,12250,10,No state-level incentive,0,Net billing; export credit at ~75% of retail,103.2252218623151,0.953,1.235,46.689,60.071,0.938,0.996,49.04,52.462,0.0,0.0,0.0,0.0,1.891,2.231,95.73,112.533,2.904257125920939e-05,1.4254986562010504e-05,3.360732052888072e-05,1.6301964015771217e-05,0.2820000000000001,13.381999999999998,7.168190924002689e-05
New Hampshire,NH,13702.09,852.76,305.46,4501.92,5302.59,244.19,1201.29,10921.53,482.32,0.0,495.21,19004.68,0.720985041579232,0.0448710528143594,0.0160728831003731,0.2368848094258887,0.2790149584207679,0.0128489403662676,0.0632102197984917,0.5746758166935724,0.0253790119065409,0.0,0.0260572658945059,1.0,424921,365654,806182,0.5270782528014766,0.453562595046776,748043,294287,5753719,2865364,49911,15693,650794,28590,1039,0.8336201285401603,46.486837171945446,1.5863420496215401,50726.075842688675,262.0,1104316.148032614,6.351554150067076,62.84317722831999,0.01423662657813664,0.001989111221399081,6351.554150067079,1104316148.032614,12250,7,No state-level incentive,0,Net metering; full retail credit,4.8138949434464475,24.16,26.342,2341.752,2553.814,7.14,7.771,698.471,758.866,2.145,2.233,201.321,209.544,33.445,36.346,3241.54,3522.22,0.0007362733700131,0.00071497875927,0.0007168291800581,0.0006930496234617,2.1819999999999986,212.0619999999999,0.0005546451275238
New Jersey,NJ,33567.68,663.47,497.78,33394.32,34668.87,4690.9,0.0,28318.8,21.63,3.51,776.77,68236.55,0.4919310838546204,0.009723088286263,0.0072949174599243,0.4893905099246664,0.5080689161453796,0.0687446830181185,0.0,0.4150092582347729,0.0003169855451367,5.143870843411631e-05,0.0113834887607887,1.0,2608335,1883274,4549353,0.5733419675281298,0.413965238573485,8568294,3175119,52753049,25654624,839609,1182224,4958129,892763,28963,47.96976104033307,299.8436528631661,43.7482240103994,458828.2584231722,12621.0,21225339.168506317,83.00638747451836,1276.8528207703387,0.7305045737048744,0.05248478209730175,83006.38747451837,21225339168.506317,12250,8,No state-level incentive,0,Net metering; full retail credit,10.223651036928146,156.039,184.79,12267.649,14999.115,74.487,78.462,6804.48,7215.503,7.985,8.047,750.749,756.704,238.511,271.299,19822.88,22971.32,0.0047552715390511,0.0037455326017362,0.0050285803729002,0.0040704338698941,28.751000000000005,2731.4660000000003,0.007308250257305
New Mexico,NM,17193.48,17.07,13292.0,10978.17,24288.71,2566.44,120.82,0.0,14434.55,54.6,18.54,41482.19,0.4144785991289273,0.000411501899972,0.3204266698551836,0.2646477922211918,0.5855214008710725,0.0618684789785688,0.0029125752521744,0.0,0.347969815479848,0.0013162275183639,0.0004469387946971,1.0,501614,401894,923965,0.5428928584957222,0.4349666924612945,1261682,507300,3085378,1740541,203124,29537,779129,26402,65495,0.8732382414231322,28.54440617339778,0.9138670635886303,65160.73779642832,3739.0,5168562.8097025445,8.09012387122216,180.28251347435162,0.13111398286101653,0.005473899651453682,8090.123871222161,5168562809.702545,10500,8,"10% state tax credit (up to $6,000)",1750,Net metering; full retail credit,39.38629436667728,1278.983,1398.32,82548.44,103429.579,905.955,826.428,81833.374,75373.81,126.163,147.838,12221.019,14320.1,2311.1,2372.59,176602.83,193123.49,0.0389768676986541,0.025203514808947,0.0380516505602789,0.0280685401445683,119.337,20881.139,0.0303344113580747
New York,NY,65497.13,1880.13,0.0,60312.01,63159.49,5256.5,26980.83,26812.16,4567.51,0.0,2847.48,128656.62,0.5090848026319983,0.0146135503948417,0.0,0.4687827956307262,0.4909151973680017,0.0408568171618374,0.2097119448653322,0.2084009357621862,0.0355015544478006,0.0,0.0221324017372755,1.0,5230985,3244798,8661735,0.603918845358349,0.3746129384009093,16900943,6403539,72288954,38042377,2289314,2904731,9045986,1721721,78517,82.851875258019,466.41667769812267,53.62252044742928,686075.6340225798,18689.0,21623026.080344312,97.27952418138312,1231.9323542990837,1.6029047603780209,0.08926552664339726,97279.52418138314,21623026080.344315,7875,4,"25% state tax credit (up to $5,000)",4375,Net metering (residential <750 kW); transitioning to VDER,7.661691713463476,304.772,333.106,45249.83,49723.055,75.508,80.314,11043.675,11855.106,0.557,0.557,83.935,83.935,380.837,413.977,56377.44,61662.1,0.0092878935234121,0.0138155822267184,0.0090646154753792,0.0134937566107475,28.334000000000003,4473.224999999999,0.00720225254045
North Carolina,NC,61646.64,1824.87,14673.74,58131.39,73290.93,11858.41,4686.29,42644.28,546.76,86.03,485.8,134937.57,0.4568530469312586,0.0135238095661571,0.1087446587336647,0.4308021109317442,0.5431469530687413,0.0878807140220473,0.0347293196401862,0.3160297017354025,0.0040519478748579,0.0006375540926074,0.0036001834033323,1.0,2684292,2758773,5524802,0.4858621177736324,0.4993433248829551,7378321,2892704,20783999,11240541,882943,1652848,4593044,298795,54727,54.749627511620744,189.82429663391954,8.538493335994254,306315.3457958872,2891.0,23138846.3279045,52.818635426872866,807.5737112492218,0.10770262377519088,0.010144786544409312,52818.635426872876,23138846327.9045,10500,10,No state-level incentive,0,Net metering; TOU netting rules in effect,38.713078410057314,870.61,1031.077,108127.286,129691.558,65.728,69.461,8384.099,8929.151,34.332,34.73,4918.336,4975.686,970.67,1135.27,121429.72,143596.4,0.0265317449779436,0.0330131938768589,0.0280580852056329,0.0351954705542658,160.46699999999998,21564.27200000001,0.0407892940780829
North Dakota,ND,18043.02,0.0,24831.19,1453.36,26359.66,1.72,1791.41,0.0,16249.89,0.0,75.11,44402.68,0.4063497969041508,0.0,0.559227280875839,0.03273135765679,0.5936502030958491,3.873640059563972e-05,0.0403446368552528,0.0,0.3659664236483023,0.0,0.00169156456322,1.0,114902,235595,361819,0.3175676235908009,0.6511404873707572,357450,151345,1060695,558299,37758,16808,303167,8725,7774,0.46581092680018926,11.216105493884985,0.2771810786180499,12635.250000000002,24.0,1157671.8764959683,1.8535378491653214,37.000707810302735,0.0006569006314188155,2.8012373419689974e-05,1853.5378491653219,1157671876.4959686,12250,24,No state-level incentive,0,Net billing; export credit at avoided cost,0.1361271047268554,1425.066,1587.724,96508.984,117380.688,1597.118,1863.805,129053.057,151154.031,12.672,15.895,1015.2,1323.445,3034.86,3467.42,226577.24,269858.16,0.0434287312214863,0.0294659185254189,0.0432057889711713,0.0318545679599551,162.6579999999999,20871.704,0.0413462269261144
Ohio,OH,22274.59,530.15,42992.71,68864.95,112971.31,1246.67,506.97,16826.79,3154.01,10.0,1113.65,135245.9,0.1646969704811754,0.0039198970172108,0.3178854959743696,0.5091832728385851,0.8353030295188246,0.0092178025359733,0.0037485054999818,0.1244162669626214,0.0233205590705522,7.393939483562903e-05,0.0082342607058698,1.0,2679165,3154834,5922202,0.4523933834070502,0.5327130010087464,8478646,3518067,30958931,16700781,1139973,1388075,6214533,259012,13043,70.3015520970872,330.99629201774246,10.082787555501428,421362.9896768641,2835.0,39644335.61007686,102.00505398766936,2012.5620985944663,0.13798144167683507,0.00728030146741983,102005.05398766937,39644335610.07686,12250,11,No state-level incentive,0,"Net metering; full retail credit, some property tax exemptions",2.958660419976727,171.545,216.639,11020.149,13498.722,143.079,134.978,10136.841,9350.929,32.066,36.528,2107.644,2408.9,346.69,388.145,23264.63,25258.55,0.0052278152011134,0.0033646485447611,0.0058952682688714,0.0036632598142681,45.09400000000002,2478.5730000000003,0.0114624965080488
Oklahoma,OK,39777.71,311.79,8954.03,36022.92,45009.86,166.82,1679.1,0.0,37552.75,67.25,32.91,84787.57,0.4691455363091547,0.0036773078884086,0.1056054560827725,0.4248608610908414,0.5308544636908452,0.0019675053784416,0.0198036103641135,0.0,0.4429039539640067,0.0007931587141841,0.0003881465172312,1.0,503890,1020280,1560699,0.3228617433598663,0.6537327184806295,2361249,922803,8649265,4565463,328088,230275,1579908,80042,111830,14.314669942111959,83.62867010283364,3.7090402650704926,144414.26187399734,799.0,13574533.141195,28.699720223724867,867.2510494685844,0.061009603524299835,0.001751436386092283,28699.72022372487,13574533141.195,12250,12,No state-level incentive,0,No net metering; voluntary utility programs only,1.155149067933137,98.798,124.872,11585.121,14599.163,13.674,18.609,1607.975,2184.54,1.865,3.093,232.192,377.807,114.337,146.574,13425.29,17161.51,0.0030108582951388,0.0035371445988191,0.0033980674729412,0.0039618955883267,26.074,3014.0420000000013,0.0066277805018597
Oregon,OR,42670.54,984.97,0.0,19054.76,19091.9,2012.52,31304.32,0.0,8149.19,219.54,37.14,61762.44,0.6908817073936846,0.0159477183867735,0.0,0.3085169562601477,0.3091182926063154,0.0325848525414475,0.5068504417895406,0.0,0.1319441071304825,0.0035545875454402,0.0006013363461676,1.0,1340383,958448,2374321,0.5645331865404888,0.4036724604634335,3088345,1230822,9580971,5106240,353062,72762,2368126,175486,28314,2.544208656720038,89.78760256033596,5.372535100397383,105933.78605769172,8640.0,4370539.36360658,8.20053531129124,154.8422320628377,0.2773791628389454,0.01649576456048597,8200.535311291245,4370539363.60658,11200,11,"Rebate of at least $0.20 per watt, up to 40% of net cost or $5,000, whichever less",1400,Net metering; full retail credit,18.997904963993058,290.596,346.15,15882.309,19279.865,98.366,117.939,5294.737,6426.825,15.477,17.109,863.521,941.491,404.439,481.198,22040.57,26648.18,0.00885588146657,0.0048491529347104,0.0094195740899368,0.0052321363962465,55.55399999999997,3397.5560000000023,0.0141213361202852
Pennsylvania,PA,84311.83,1592.95,23929.78,130163.55,155781.59,1046.54,1910.87,76166.02,3572.25,23.2,1688.27,240093.43,0.3511625869979033,0.0066347088298084,0.0996686165048331,0.5421370755542957,0.6488373713516442,0.0043588864551603,0.0079588600154531,0.31723491975603,0.0148785828916684,9.662904978282828e-05,0.0070317209429679,1.0,3458229,3377674,6915283,0.5000849567544814,0.4884361204017247,9183919,3703116,45614467,24274160,1094010,1289550,6564075,434118,16965,53.051285709163004,432.62042414788084,19.48371224080263,529437.4702888303,4389.0,25414923.709320076,105.44054234446297,1838.8637672424659,0.2779015441854483,0.025496438653410503,105440.542344463,25414923709.320076,12250,9,No state-level incentive,0,Net metering; full retail credit,1.9767017990416669,555.602,658.045,28747.569,36770.522,204.74,262.51,13756.857,17749.592,59.75,88.386,3583.729,5129.775,820.092,1008.94,46088.16,59649.89,0.0169319104687925,0.0087771468608338,0.0179069872367832,0.009978720622016,102.44299999999998,8022.952999999998,0.0260401057740286
Rhode Island,RI,1327.32,218.45,0.0,6963.77,7022.67,888.48,7.38,0.0,209.34,3.67,58.9,8349.99,0.1589606694139753,0.0261617079780933,0.0,0.8339854299226707,0.8410393305860246,0.106404917850201,0.0008838333938124,0.0,0.0250706887074116,0.0004395214844568,0.007053900663354,1.0,307486,199922,516990,0.5947619876593357,0.3867038047157585,921402,366739,4009671,2048663,105223,62735,664865,33964,3365,2.1081700310335187,35.427206863332046,1.4646138623799034,44520.448157144754,371.0,1600637.4502382462,5.55871553661142,73.98836916196117,0.018715382889064762,0.00253286613680002,5558.715536611422,1600637450.2382464,7250,3,Limited state-level incentives (application required),0,Net metering; full retail credit,19.95667242306083,146.181,151.582,11404.29,12932.655,303.6,69.905,28268.777,6411.682,5.604,5.85,527.205,550.348,455.385,227.337,40200.27,19894.69,0.0044548500621642,0.003481933661018,0.0041249108181447,0.0035096415314941,5.400999999999982,1528.3649999999998,0.0013728864957637
South Carolina,SC,60613.99,1992.03,14243.46,24143.89,38615.96,2942.0,1310.21,54369.75,0.0,0.0,228.61,99229.95,0.6108437019266865,0.020074886664762,0.1435399292249971,0.2433125281228097,0.3891562980733135,0.0296483067864087,0.0132037756745821,0.5479167328009336,0.0,0.0,0.0023038407255067,1.0,1091541,1385103,2514096,0.4341683849781392,0.5509348091719648,3978352,1583386,11338221,6328622,506032,926184,2654162,80155,11409,37.82969834877873,113.15156401824348,2.6746035717622028,184024.11753670633,1260.0,14994312.83603878,31.709683907882102,610.5431377769935,0.06094738402322024,0.002622517130717577,31709.683907882107,14994312836.038778,7875,7,"25% state tax credit (up to $35,000)",4375,TOU net billing for new installs; legacy NEM,15.987034957052163,290.325,306.137,31115.925,32733.929,67.338,71.659,8016.188,8530.512,22.626,25.39,2686.775,3014.568,380.289,403.186,41818.89,44279.01,0.0088476227710702,0.0095002482970191,0.0083307241172064,0.0088832769997637,15.812000000000012,1618.0040000000008,0.0040192707407918
South Dakota,SD,14586.74,28.75,1874.8,1424.34,3315.99,4.34,4258.54,0.0,10295.11,0.0,16.85,17902.73,0.8147774110428968,0.0016059003291676,0.1047214586825584,0.0795599330381455,0.1852225889571032,0.0002424211279508,0.2378709839225637,0.0,0.5750581056632146,0.0,0.0009411972363991,1.0,150471,261043,422609,0.3560525213613529,0.6176938967225024,346537,141197,1543003,787660,33990,15241,284573,6148,12980,0.5828834462875492,16.048212034009094,0.28028254517724877,20616.428837872452,21.0,1045718.0549595013,3.1867662921339623,45.664171088540506,0.0018921480719741757,0.00013775493462693492,3186.7662921339625,1045718054.9595014,12250,23,No state-level incentive,0,"No net metering; exports not compensated, property tax exemption",0.21051172509699667,2.653,3.992,259.199,393.813,1.467,1.61,143.299,157.354,0.0,0.0,0.0,0.0,4.12,5.602,402.498,551.166,8.084988620218523e-05,7.913808952615308e-05,0.0001086319219038,0.0001068722903721,1.339,134.61399999999998,0.0003403619733063
Tennessee,TN,45550.52,433.98,15885.54,16520.81,32568.07,751.55,8706.76,35635.4,14.86,7.97,161.72,78118.59,0.5830944977373503,0.0055553998094435,0.2033515965917972,0.2114837198162435,0.4169055022626496,0.0096206293533971,0.1114556727150349,0.4561705478811126,0.0001902236074665,0.0001020243708955,0.0020701858546089,1.0,1143711,1852475,3053851,0.374514342710237,0.6066029416628381,4670636,1852058,13716784,7660191,623453,991354,3202851,116022,8766,35.89300496654843,142.8591614362042,3.752074736921374,203165.97249894828,1304.0,23425246.928825513,45.3395793842867,996.3690512699211,0.05954103997628471,0.0024233521932485514,45339.57938428671,23425246928.825516,12250,25,No state-level incentive,0,"No net metering; TVA pays avoided cost, property tax exemption",3.6991922946343316,16.064,17.435,1555.65,1683.56,33.057,37.199,2951.718,3477.99,0.03,0.0,2.965,0.0,49.151,54.664,4510.33,5164.52,0.0004895486513199,0.0004749677621108,0.0004744482861708,0.0004568815990809,1.3709999999999989,127.90999999999984,0.0003484960906669
Texas,TX,184023.7,1472.87,85336.95,256139.77,344538.25,25437.09,620.18,41606.95,114786.91,99.71,3061.54,528561.97,0.3481591761132569,0.0027865606751844,0.1614511728870694,0.484597425728529,0.6518407860482283,0.0481250855032192,0.0011733345098588,0.078717259964806,0.2171683104631988,0.0001886439162469,0.0057922063518871,1.0,5259126,5890347,11315056,0.4647900991387051,0.5205760360355265,23440588,8469961,59830426,30024629,3179651,3152359,13118464,1427627,138532,102.16793941448461,456.3455840697512,36.66969249419812,870795.4869062179,14114.0,79601158.7787427,130.11725775130128,3229.9887978886154,0.5443162540401856,0.027096195349479574,130117.25775130131,79601158778.7427,12250,16,No state-level incentive,0,"No state policy; REP-specific export rates, property tax exemption",29.21132502692851,2431.226,2736.903,283043.836,313258.45,275.948,312.688,32419.868,36764.924,0.0,0.0,0.0,0.0,2707.17,3058.43,315463.7,351071.85,0.0740913476938537,0.0864183443346378,0.0744777136659556,0.0850115360079949,305.6769999999997,30214.614,0.0777003935133463
Utah,UT,6486.37,73.82,22390.22,11107.09,33677.04,4628.94,595.36,0.0,723.44,464.81,179.73,40163.41,0.161499484232041,0.0018379913458543,0.5574780627441743,0.2765474843893982,0.8385005157679589,0.1152526640541726,0.0148234425313986,0.0,0.0180124147825097,0.0115729715181056,0.0044749686343863,1.0,560282,865140,1488289,0.3764604858330606,0.5812983902991959,2668875,872955,8396298,3689297,224857,34489,2165141,73040,21172,1.2098472628653192,78.88054453358419,2.3704303155894815,116437.38882796865,3159.0,4036047.558688144,8.983882774282169,146.47022108438077,0.11734661946872077,0.01362749031350109,8983.88277428217,4036047558.688144,12250,13,No state-level incentive,0,Export credit tariff (~5-6/kWh); NEM phased out,39.754756153447104,438.927,492.617,46857.843,52489.512,79.586,90.202,8402.669,9604.052,6.966,8.491,751.935,916.549,525.479,591.31,56012.45,63010.11,0.0133762525446915,0.01430653734905,0.0134052934550409,0.0142445129235303,53.69,5631.669000000002,0.013647523784032
Vermont,VT,2385.58,422.2,0.0,1.5,9.63,413.51,1140.69,0.0,409.18,0.0,8.13,2395.21,0.9959794757035916,0.1762684691530179,0.0,0.0006262498904062,0.0040205242964082,0.1726403947879309,0.4762379916583514,0.0,0.1708326201042914,0.0,0.0033942744060019,1.0,242820,112704,370968,0.6545578055250049,0.3038105712622113,127663,54340,703896,393035,16322,3683,109976,6247,122,0.2317408144207006,6.917785558278483,0.3913164050668926,7548.0,131.0,230536.9859887709,0.9493902462555253,14.056882788105007,0.0072911235239437,0.0005138513318647585,949.3902462555254,230536985.98877093,12250,8,No state-level incentive,0,"Net metering; near-retail credit with adjustors, sales and property tax exemptions",54.78404875463699,441.285,522.85,47781.124,56715.975,149.714,165.593,16244.576,17966.404,4.133,4.298,438.034,455.51,595.132,692.741,64463.74,75137.89,0.0134481123380065,0.014588431547854,0.014228006104069,0.0153914831377766,81.565,8934.850999999995,0.0207331025785914
Virginia,VA,36561.66,3645.3,3346.07,48801.99,53322.78,5015.07,-364.71,28197.34,50.85,17.81,1174.72,89884.44,0.4067629502948452,0.0405554064752475,0.037226354194341,0.5429414701810458,0.5932370497051547,0.0557946403181685,-0.0040575432188263,0.3137065770226749,0.0005657263926882,0.0001981433048923,0.0130692253297678,1.0,2413568,1962430,4460524,0.5410951717780242,0.4399550366728214,5002674,1950480,20576937,10481076,493496,1071939,2979090,425188,12425,42.22448222742479,144.03049534011734,13.828606252140485,231374.01024309613,2397.0,14387790.289189886,42.994402481812294,656.204002464866,0.07740746627311017,0.00515607558762728,42994.402481812314,14387790289.189888,12250,10,No state-level incentive,0,Net metering; full retail credit,21.675165653786486,111.61,117.612,7645.838,8068.039,62.118,67.557,4472.283,5336.524,1.387,1.387,116.131,116.131,175.115,186.556,12234.25,13520.69,0.003401302600462,0.0023344110592497,0.0032005054105609,0.0021894904605523,6.001999999999995,422.201,0.0015256553874419
Washington,WA,98646.65,1312.82,3565.97,14532.32,18455.34,476.5,78926.59,9851.54,8060.91,18.29,357.05,117101.99,0.8423994331778648,0.0112109111040726,0.0304518309210629,0.1240996843862345,0.1576005668221351,0.0040691024977457,0.6739987083054694,0.0841278615333522,0.0688366611020017,0.000156188635223,0.0030490515148376,1.0,2369612,1584651,4087631,0.5797030113530306,0.3876697774334327,6392674,2490625,24234872,12420275,589049,288027,4369007,685224,58808,9.79394908063875,168.40925326122104,21.858288994585376,208796.32954879774,5753.0,7243284.8526457185,15.917652313695768,319.17989967753664,0.20642118927560874,0.014106853630882965,15917.652313695777,7243284852.645718,12250,16,No state-level incentive,0,"Net metering; full retail credit, sales tax exemption",2.2821282396568052,377.159,438.041,17853.57,20827.679,57.7,70.373,2708.05,3319.062,1.142,1.506,63.483,81.599,436.001,509.92,20625.1,24228.34,0.0114938794685751,0.005451014166804,0.0119201492241226,0.0056521794807816,60.882000000000005,2974.1090000000004,0.0154756666608202
West Virginia,WV,3697.57,10.2,50717.5,2110.47,53000.99,33.21,1647.26,0.0,2006.9,0.0,173.02,56698.56,0.0652145310215991,0.0001798987487512,0.8945112539013337,0.0372226384585428,0.9347854689784008,0.0005857291613755,0.0290529424380442,0.0,0.035395960673428,0.0,0.0030515766185243,1.0,235984,545382,794652,0.2969652124451961,0.6863155192461606,693495,290283,4091408,2293995,115608,37339,610736,9335,700,3.935123823441504,62.979670750122104,0.6276450236723041,69485.36035075627,80.0,2686228.2981398264,16.853482315886705,253.8314441881921,0.009210743928163229,0.0004148622402030026,16853.482315886708,2686228298.139827,12250,10,No state-level incentive,0,Net metering ended; export credit at wholesale,0.47794240157003876,115.508,140.362,8190.581,10019.052,87.032,103.119,5981.848,7114.291,22.532,21.69,1588.298,1530.813,225.072,265.171,15760.73,18664.16,0.0035200937261372,0.0025007308378859,0.0038195876308297,0.0027189529918952,24.854,1828.4709999999995,0.006317667277488
Wisconsin,WI,16119.82,1153.76,21922.95,23276.43,45252.19,1032.5,1990.98,10077.02,1815.72,49.84,52.81,61372.01,0.2626575209122204,0.0187994494558675,0.3572141437114411,0.3792678453907571,0.7373424790877796,0.0168236301858127,0.032441173101549,0.1641956976804247,0.0295854738992579,0.0008120965893083,0.0008604899855813,1.0,1630866,1610184,3298041,0.4944953686142774,0.4882243731960882,3951859,1635159,16700613,8829523,432252,345625,3078537,146480,18957,13.241515085545341,165.988585512081,6.02552460000553,197315.1481357682,1912.0,18459106.35696297,45.08201224670282,959.2148054472514,0.09094033161434084,0.005054755299675624,45082.01224670283,18459106356.962975,12250,9,"Focus on Energy rebate, rural customers can receive additional $300",300,"Net metering; full retail credit, sales tax exemption",5.232745735717967,26.773,33.139,2456.976,3048.779,7.965,10.452,735.45,955.488,1.37,1.788,118.498,156.0,36.108,45.379,3310.92,4160.27,0.0008159042605695,0.0007501587068299,0.0009017918987907,0.0008273723685312,6.366000000000003,591.8029999999999,0.0016181809724184
Wyoming,WY,10733.76,0.0,33517.89,1661.25,35636.69,208.87,744.75,0.0,9780.14,0.0,457.55,46370.45,0.2314784523333286,0.0,0.7228286548868946,0.0358256173921107,0.7685215476666715,0.0045043772488729,0.0160608749753345,0.0,0.2109132001091212,0.0,0.009867275387666,1.0,73491,193559,278503,0.2638786655799039,0.6949978994840271,174213,72109,633574,354369,15144,2656,152540,1540,1770,0.1528342541645984,7.996205209147887,0.0889489033668412,10365.779543808834,29.0,394004.3903247168,0.9153183174950793,19.63097321224039,0.0021174665780045983,7.91136947653968e-05,915.3183174950799,394004390.32471687,12250,11,No state-level incentive,0,Net metering; full retail credit,20.149955834701473,15.281,19.471,1452.375,1850.569,1.933,2.164,166.328,188.036,0.398,0.426,32.459,34.955,17.612,22.061,1651.16,2073.56,0.000465686811555,0.0004434360579151,0.0005298527433342,0.0005022042124602,4.19,398.194,0.0010650609918996
