Year,Month,State,Residential_cap,Commercial_cap,Industrial_cap,Total_cap,Residential_gen,Commercial_gen,Industrial_gen,Total_gen,gen_per_cap
2024,1,AK,250.0,6.133,0.171,19.077,15694.0,7.099,0.0,7.186,0.006732952
2024,1,AL,60.0,0.0,1.884,0.0,3766.0,0.0,208.697,0.0,0.0
2024,1,AR,144.309,84.258,23.817,252.384,14707.78,8479.118,2478.888,25665.79,101.9186607
2024,1,AZ,2119.451,577.126,7.28,2703.86,277494.44,83726.601,1112.233,362333.27,130.9275091
2024,1,CA,11825.041,3252.877,1686.872,16764.79,1254610.316,365045.077,180347.99,1800003.38,106.0977561
2024,1,CO,845.786,218.352,31.759,1095.9,97283.816,26145.541,4148.724,127578.08,115.0217857
2024,1,CT,679.964,270.33,37.344,987.638,40679.351,22769.907,3555.031,67004.29,59.82574225
2024,1,DC,92.762,51.633,0.0,144.395,9407.2,5273.623,0.0,14680.82,101.4122162
2024,1,DE,101.522,22.351,7.547,131.42,8056.323,2167.675,689.301,10913.3,79.3554402
2024,1,FL,2245.115,188.85,45.774,2479.74,285493.58,24724.89,6029.34,316247.81,127.1621186
2024,1,GA,118.988,50.628,149.802,319.418,13832.576,5780.715,17507.898,37121.19,116.2518573
2024,1,HI,577.188,288.415,2.234,867.837,77583.216,37145.104,302.922,115031.24,134.4158506
2024,1,IA,135.112,148.861,11.757,295.73,10036.145,10998.466,875.019,21909.63,74.28018977
2024,1,ID,131.102,8.978,17.506,157.586,8856.42,601.971,1222.788,10681.18,67.55366051
2024,1,IL,622.938,545.678,9.389,1178.01,35144.597,40401.766,678.821,76225.18,56.41748778
2024,1,IN,100.437,130.601,10.205,241.243,7593.243,9305.575,704.834,17603.65,75.60204905
2024,1,KS,61.911,26.624,1.94,90.475,6771.063,2870.856,210.779,9852.7,109.3676891
2024,1,KY,71.345,22.411,1.356,95.112,6028.981,1932.068,115.761,8076.81,84.50460439
2024,1,LA,173.381,14.769,0.086,188.236,18678.65,1587.692,9.154,20275.5,107.7318161
2024,1,MA,1207.528,1368.369,91.539,2667.44,73602.393,122787.105,8461.589,204851.09,60.95294933
2024,1,MD,832.951,201.895,19.867,1054.71,52630.826,17911.153,1890.698,72432.68,63.18598093
2024,1,ME,87.636,496.442,0.026,584.104,8178.028,46339.57,2.48,54520.08,93.3181341
2024,1,MI,145.222,79.885,4.767,229.874,9103.353,4946.362,243.047,14292.76,62.68577075
2024,1,MN,170.525,66.033,15.69,252.248,11607.77,4470.198,1026.64,17104.61,68.07078141
2024,1,MO,318.297,156.867,11.902,487.066,31454.769,15371.884,1151.446,47978.1,98.82207184
2024,1,MS,11.363,5.348,0.448,17.159,1208.988,566.264,46.472,1821.72,106.3969022
2024,1,MT,48.107,11.3,0.0,59.407,3530.642,825.803,0.0,4356.45,73.39143992
2024,1,NC,374.317,116.735,11.155,502.207,43398.585,13452.381,1300.646,58151.61,115.9407267
2024,1,ND,0.953,0.938,0.0,1.891,46.689,49.04,0.0,95.73,48.99160546
2024,1,NE,24.16,7.14,2.145,33.445,2341.752,698.471,201.321,3241.54,96.92682119
2024,1,NH,156.039,74.487,7.985,238.511,12267.649,6804.48,750.749,19822.88,78.61912086
2024,1,NJ,1278.983,905.955,126.163,2311.1,82548.44,81833.374,12221.019,176602.83,64.54224958
2024,1,NM,304.772,75.508,0.557,380.837,45249.83,11043.675,83.935,56377.44,148.4710866
2024,1,NV,870.61,65.728,34.332,970.67,108127.286,8384.099,4918.336,121429.72,124.197156
2024,1,NY,1425.066,1597.118,12.672,3034.86,96508.984,129053.057,1015.2,226577.24,67.72246619
2024,1,OH,171.545,143.079,32.066,346.69,11020.149,10136.841,2107.644,23264.63,64.24057244
2024,1,OK,98.798,13.674,1.865,114.337,11585.121,1607.975,232.192,13425.29,117.2606834
2024,1,OR,290.596,98.366,15.477,404.439,15882.309,5294.737,863.521,22040.57,54.65425883
2024,1,PA,555.602,204.74,59.75,820.092,28747.569,13756.857,3583.729,46088.16,51.74129863
2024,1,RI,146.181,303.6,5.604,455.385,11404.29,28268.777,527.205,40200.27,78.01485829
2024,1,SC,290.325,67.338,22.626,380.289,31115.925,8016.188,2686.775,41818.89,107.1761819
2024,1,SD,2.653,1.467,0.0,4.12,259.199,143.299,0.0,402.498,97.70033924
2024,1,TN,16.064,33.057,0.03,49.151,1555.65,2951.718,2.965,4510.33,96.84076195
2024,1,TX,2431.226,275.948,0.0,2707.17,283043.836,32419.868,0.0,315463.7,116.4202077
2024,1,UT,438.927,79.586,6.966,525.479,46857.843,8402.669,751.935,56012.45,106.7554354
2024,1,VA,441.285,149.714,4.133,595.132,47781.124,16244.576,438.034,64463.74,108.2772449
2024,1,VT,111.61,62.118,1.387,175.115,7645.838,4472.283,116.131,12234.25,68.50495475
2024,1,WA,377.159,57.7,1.142,436.001,17853.57,2708.05,63.483,20625.1,47.3369852
2024,1,WI,115.508,87.032,22.532,225.072,8190.581,5981.848,1588.298,15760.73,70.90920975
2024,1,WV,26.773,7.965,1.37,36.108,2456.976,735.45,118.498,3310.92,91.77066448
2024,1,WY,15.281,1.933,0.398,17.612,1452.375,166.328,32.459,1651.16,95.04449971
2024,2,AK,12.816,6.159,0.171,19.146,355.864,187.72,3.237,546.821,27.76716604
2024,2,AL,0.0,0.0,1.884,0.0,0.0,0.0,225.997,0.0,0.0
2024,2,AR,149.189,89.834,29.586,268.609,16205.05,9812.879,3239.539,29257.47,108.6209439
2024,2,AZ,2134.801,582.559,7.28,2724.64,288870.405,85029.249,1096.342,374996.0,135.3149099
2024,2,CA,11917.062,3280.307,1701.637,16899.01,1334409.242,387609.343,196662.846,1918681.43,111.9746832
2024,2,CO,858.664,220.366,31.909,1110.94,102985.708,27432.87,4280.647,134699.22,119.9371442
2024,2,CT,698.819,272.337,37.344,1008.5,61382.827,29662.29,4165.61,95210.73,87.83794802
2024,2,DC,94.026,52.402,0.0,146.428,11094.262,6272.024,0.0,17366.29,117.9914279
2024,2,DE,101.884,23.026,9.211,134.121,10631.551,2635.291,1033.352,14300.19,104.3495642
2024,2,FL,2281.717,191.453,45.858,2519.03,301145.576,25598.172,6185.21,332928.96,131.9820013
2024,2,GA,120.279,52.048,150.632,322.959,14787.09,6355.456,18732.224,39874.77,122.9399147
2024,2,HI,581.514,288.511,2.234,872.259,79054.785,37611.67,295.162,116961.62,135.9464862
2024,2,IA,136.689,150.09,11.757,298.536,13155.742,14497.915,1139.551,28793.21,96.24579886
2024,2,ID,132.777,9.156,17.506,159.439,12538.808,865.998,1708.233,15113.04,94.43509041
2024,2,IL,637.822,556.416,9.42,1203.66,60363.109,55293.853,897.283,116554.24,94.63942761
2024,2,IN,101.262,134.757,11.171,247.19,9853.369,12793.509,1042.366,23689.25,97.30569216
2024,2,KS,62.786,27.146,1.94,91.872,7401.693,3188.868,228.142,10818.7,117.8876342
2024,2,KY,72.582,23.029,1.316,96.927,7507.622,2393.476,135.293,10036.39,103.4364167
2024,2,LA,169.914,14.771,0.086,184.771,19752.777,1716.553,9.913,21479.24,116.2516155
2024,2,MA,1279.761,1381.195,91.719,2752.68,114918.524,148708.088,9963.264,273589.88,89.79686363
2024,2,MD,837.96,202.369,19.917,1060.25,76849.419,22215.669,2206.866,101271.95,91.71012817
2024,2,ME,90.286,515.459,0.026,605.771,9406.838,53985.353,2.705,63394.9,104.1893317
2024,2,MI,146.744,83.469,4.922,235.135,12650.653,7184.614,352.958,20188.23,86.20899662
2024,2,MN,174.622,67.574,15.69,257.886,15371.517,5985.678,1378.929,22736.12,88.02737914
2024,2,MO,321.957,157.436,11.903,491.296,35090.915,17290.988,1301.137,53683.04,108.9925518
2024,2,MS,11.303,5.429,0.376,17.108,1336.878,643.4,43.849,2024.13,118.2763868
2024,2,MT,49.074,11.365,0.0,60.439,4726.072,1096.356,0.0,5822.43,96.30500876
2024,2,NC,379.137,117.676,11.155,507.968,46433.861,14385.169,1376.922,62195.95,122.4725126
2024,2,ND,0.954,0.938,0.0,1.892,77.112,78.205,0.0,155.317,80.83018868
2024,2,NE,24.33,7.188,2.152,33.67,2663.604,795.123,232.491,3691.22,109.4781751
2024,2,NH,159.831,74.76,7.987,242.578,15690.959,7777.56,847.951,24316.47,98.17218812
2024,2,NJ,1290.894,911.354,126.238,2328.49,119561.424,99136.15,14412.282,233109.86,92.61908724
2024,2,NM,308.302,75.783,0.557,384.642,46366.486,11227.7,85.526,57679.71,150.3930756
2024,2,NV,885.569,65.729,34.332,985.63,112642.318,8566.012,4854.954,126063.28,127.1976752
2024,2,NY,1437.447,1608.268,12.873,3058.59,130711.083,157638.282,1227.877,289577.24,90.9328017
2024,2,OH,175.204,144.824,32.068,352.096,13853.412,12729.305,2836.339,29419.06,79.07018105
2024,2,OK,102.208,13.981,1.866,118.055,12590.558,1731.66,242.01,14564.23,123.185641
2024,2,OR,295.239,99.219,15.479,409.937,24515.694,8130.912,1326.211,33972.82,83.0367736
2024,2,PA,563.496,206.002,61.3,830.798,41902.136,16042.582,4182.97,62127.69,74.36101765
2024,2,RI,147.589,303.661,5.604,456.854,15183.162,34382.792,635.294,50201.25,102.874618
2024,2,SC,291.936,67.618,22.626,382.18,33018.609,8464.784,2824.362,44307.76,113.1022176
2024,2,SD,2.686,1.467,0.0,4.153,291.226,159.667,0.0,450.894,108.4236783
2024,2,TN,16.078,32.998,0.0,49.106,1704.256,3437.059,0.0,5144.51,105.9992536
2024,2,TX,2457.341,278.577,0.0,2735.92,297301.732,33923.702,0.0,331225.43,120.9851347
2024,2,UT,441.315,80.365,6.966,528.646,49869.57,9024.39,798.375,59692.34,113.0022093
2024,2,VA,443.112,149.936,4.133,597.181,53056.452,18010.963,488.442,71555.86,119.7359855
2024,2,VT,112.25,62.319,1.387,175.956,9603.487,6311.344,129.743,16044.57,85.55444989
2024,2,WA,388.935,60.144,1.143,450.222,32080.883,4965.871,105.338,37152.09,82.48391891
2024,2,WI,117.314,88.402,22.542,228.258,10487.599,7873.942,2015.203,20376.74,89.39767632
2024,2,WV,27.22,8.052,1.741,37.013,2795.107,835.523,171.395,3802.02,102.6857825
2024,2,WY,15.462,1.933,0.417,17.812,1659.718,197.25,40.914,1897.88,107.341741
2024,3,AK,12.835,6.159,0.171,19.165,1454.822,634.213,19.27,2108.31,113.3480327
2024,3,AL,0.0,0.0,1.884,0.0,0.0,0.0,284.332,0.0,0.0
2024,3,AR,150.985,90.209,30.504,271.698,20771.05,12600.761,4219.11,37590.92,137.5702884
2024,3,AZ,2152.464,584.714,7.28,2744.46,363079.979,104061.197,1328.83,468470.01,168.6810925
2024,3,CA,12013.789,3314.21,1709.526,17037.53,1838441.374,538895.978,279322.424,2656659.78,153.0276064
2024,3,CO,863.44,220.673,32.084,1116.2,130112.336,34384.037,5257.742,169754.12,150.6906513
2024,3,CT,711.435,275.826,37.458,1024.72,84233.648,37940.767,5239.57,127413.99,118.3996402
2024,3,DC,95.445,53.419,0.0,148.864,13591.761,7707.857,0.0,21299.62,142.4041176
2024,3,DE,102.639,23.171,9.235,135.045,13491.365,3336.937,1309.824,18138.13,131.4448212
2024,3,FL,2315.184,193.903,45.829,2554.92,369175.02,31575.422,7505.755,408256.2,159.458177
2024,3,GA,121.615,51.863,145.124,318.602,18307.401,7689.948,22171.321,48168.67,150.5357152
2024,3,HI,586.91,289.592,2.234,878.736,91137.945,43220.683,333.489,134692.12,155.2843622
2024,3,IA,138.382,152.593,11.758,302.733,18652.374,20737.609,1605.04,40995.02,134.7890188
2024,3,ID,133.652,9.072,17.583,160.307,18569.641,1265.794,2513.226,22348.66,138.9402403
2024,3,IL,644.222,556.272,9.42,1209.91,81563.13,76079.442,1292.306,158934.88,126.6071789
2024,3,IN,101.87,136.212,11.171,249.253,13559.621,18025.064,1495.189,33079.88,133.1071071
2024,3,KS,64.25,27.447,1.94,93.637,9187.76,3944.609,279.896,13412.26,143.0001556
2024,3,KY,73.529,25.311,1.316,100.156,9701.076,3372.144,174.913,13248.13,131.9353724
2024,3,LA,179.381,14.965,0.086,194.432,26321.027,2206.568,12.561,28540.16,146.7325246
2024,3,MA,1289.394,1381.595,91.728,2762.72,149669.919,186528.863,12515.978,348714.76,116.0777226
2024,3,MD,843.659,207.291,19.941,1070.89,100975.856,28651.412,2818.44,132445.71,119.6879972
2024,3,ME,94.053,530.19,0.026,624.269,12303.952,70200.575,3.423,82507.95,130.8193465
2024,3,MI,133.949,84.223,4.922,223.094,17455.394,11041.579,532.985,29029.96,130.3137313
2024,3,MN,175.499,67.828,15.69,259.017,22586.074,8775.511,2025.983,33387.57,128.6963117
2024,3,MO,324.688,157.209,11.942,493.839,45000.804,22022.438,1671.571,68694.81,138.5970655
2024,3,MS,11.474,5.565,0.376,17.415,1687.087,822.587,54.792,2564.47,147.0356458
2024,3,MT,51.19,11.469,0.0,62.659,6724.116,1519.922,0.0,8244.04,131.3560461
2024,3,NC,382.545,119.415,11.473,513.433,57001.142,17801.316,1726.36,76528.82,149.0050635
2024,3,ND,0.954,0.938,0.0,1.892,117.512,118.242,0.0,235.754,123.1781971
2024,3,NE,24.516,7.312,2.152,33.98,3518.557,1062.946,310.106,4891.61,143.5208435
2024,3,NH,162.483,74.997,7.987,245.467,20077.926,9791.172,1066.033,30935.13,123.569395
2024,3,NJ,1300.117,913.25,126.298,2339.67,156617.392,124727.215,17929.846,299274.45,120.4640752
2024,3,NM,311.026,75.823,0.557,387.406,55148.862,13279.008,99.607,68527.48,177.312707
2024,3,NV,899.779,65.781,34.332,999.892,151421.756,11360.787,6239.106,169021.65,168.2877195
2024,3,NY,1450.82,1618.501,12.873,3082.19,175434.668,210196.076,1651.634,387282.38,120.9210433
2024,3,OH,178.084,146.988,32.068,357.14,19829.305,18308.256,4121.2,42258.76,111.3480436
2024,3,OK,104.97,14.144,2.066,121.18,15065.744,2047.962,313.44,17427.15,143.5242831
2024,3,OR,299.45,99.667,15.479,414.596,33227.082,11115.453,1761.852,46104.39,110.9603673
2024,3,PA,570.419,212.746,62.68,845.845,55968.69,21658.484,5539.306,83166.48,98.11855846
2024,3,RI,149.173,308.922,5.604,463.699,19433.664,43003.365,780.882,63217.91,130.2760151
2024,3,SC,292.882,68.386,23.603,384.871,40925.907,10493.147,3611.672,55030.73,139.7351391
2024,3,SD,2.748,1.501,0.0,4.249,387.774,213.858,0.0,601.632,141.1113537
2024,3,TN,16.074,32.93,0.03,49.034,2209.807,4429.562,4.189,6643.56,137.4771059
2024,3,TX,2484.648,278.351,0.0,2763.0,358043.894,40100.785,0.0,398144.68,144.102462
2024,3,UT,447.602,80.766,7.29,535.658,70407.516,12843.363,1166.395,84417.27,157.2993776
2024,3,VA,445.078,150.146,4.179,599.403,64825.995,22066.984,611.171,87504.15,145.6508634
2024,3,VT,112.721,62.665,1.387,176.773,12466.178,7702.367,166.943,20335.49,110.5932169
2024,3,WA,393.554,60.567,1.143,455.264,41551.74,6437.699,138.02,48127.46,105.5807843
2024,3,WI,118.566,89.078,22.542,230.186,15643.321,11890.805,3003.553,30537.68,131.9376634
2024,3,WV,27.554,8.066,1.741,37.361,3670.207,1088.14,225.992,4984.34,133.2005154
2024,3,WY,15.656,1.933,0.417,18.006,2242.377,270.781,56.521,2569.68,143.2279637
2024,4,AK,12.756,6.17,0.171,19.097,1897.314,944.441,28.838,2870.59,148.7389464
2024,4,AL,0.0,0.0,1.884,0.0,0.0,0.0,305.522,0.0,0.0
2024,4,AR,151.989,90.306,30.504,272.799,23734.277,14350.982,4805.282,42890.54,156.1578601
2024,4,AZ,2171.581,586.311,7.28,2765.17,398094.499,111438.984,1398.501,510931.98,183.3201244
2024,4,CA,12107.192,3348.856,1716.084,17172.13,2063824.85,585675.699,301263.241,2950763.79,170.4627175
2024,4,CO,877.246,222.51,32.109,1131.87,140214.728,37108.175,5509.003,182831.91,159.8351295
2024,4,CT,713.55,276.107,37.506,1027.16,90231.722,39746.286,5552.793,135530.8,126.4546591
2024,4,DC,100.737,54.158,0.0,154.895,14940.649,8159.448,0.0,23100.1,148.3134201
2024,4,DE,103.321,22.288,9.249,134.858,14330.786,3356.654,1378.776,19066.22,138.7015805
2024,4,FL,2360.669,197.878,45.879,2604.43,401432.393,34423.443,8002.968,443858.8,170.0502667
2024,4,GA,122.956,53.719,150.949,327.624,19831.437,8653.468,24822.348,53307.25,161.288892
2024,4,HI,591.871,290.095,2.234,884.2,96054.973,45606.521,348.926,142010.42,162.2903859
2024,4,IA,139.283,153.896,12.014,305.193,21176.24,23730.749,1853.04,46760.03,152.0375064
2024,4,ID,134.833,9.117,17.744,161.694,21827.198,1492.549,2934.308,26254.06,161.8832037
2024,4,IL,658.945,566.73,9.421,1235.1,91771.494,84978.784,1406.14,178156.42,139.2703397
2024,4,IN,102.838,141.533,11.173,255.544,15088.962,20791.659,1662.502,37543.12,146.7255489
2024,4,KS,64.982,27.758,2.023,94.763,10095.752,4337.968,317.209,14750.93,155.3622849
2024,4,KY,74.703,24.616,1.412,100.731,11005.295,3700.237,210.896,14916.43,147.3206565
2024,4,LA,179.562,15.02,0.086,194.668,29227.715,2475.821,14.106,31717.64,162.7722736
2024,4,MA,1297.223,1384.205,91.982,2773.41,168426.418,203558.913,13611.961,385597.29,129.836133
2024,4,MD,851.175,193.482,18.371,1063.03,111517.758,28135.247,2737.753,142390.76,131.0162517
2024,4,ME,97.285,538.84,0.026,636.151,14184.137,79829.831,3.818,94017.79,145.7998355
2024,4,MI,135.494,85.97,4.971,226.435,20501.645,13140.24,626.1,34267.99,151.3103532
2024,4,MN,174.728,69.975,15.694,260.397,27405.351,11139.061,2509.782,41054.19,156.8457889
2024,4,MO,276.473,158.16,11.997,446.63,41953.313,24311.038,1848.866,68113.22,151.744702
2024,4,MS,11.609,5.509,0.376,17.494,1879.721,902.842,61.403,2843.97,161.9192868
2024,4,MT,52.373,11.72,0.0,64.093,7964.6,1807.983,0.0,9772.58,152.0745422
2024,4,NC,386.009,120.755,12.02,518.784,60754.86,19108.682,1914.914,81778.46,157.3923406
2024,4,ND,0.952,0.938,0.0,1.89,153.992,153.558,0.0,307.549,161.7563025
2024,4,NE,24.606,7.436,2.152,34.194,3834.88,1177.675,338.279,5350.83,155.8514184
2024,4,NH,164.574,75.603,7.987,248.164,22992.038,11045.454,1194.028,35231.52,139.7063813
2024,4,NJ,1304.201,916.438,126.633,2347.27,166303.813,132412.991,18841.948,317558.75,127.5139438
2024,4,NM,313.935,76.294,0.557,390.786,58623.309,14102.469,105.085,72830.86,186.7370921
2024,4,NV,916.31,66.271,34.332,1016.91,166633.155,11993.234,6405.351,185031.74,181.8523807
2024,4,NY,1464.685,1650.223,15.873,3130.78,195203.846,245482.821,2369.911,443056.58,133.2736022
2024,4,OH,181.14,149.136,32.085,362.361,23159.773,21436.222,4768.149,49364.14,127.8556531
2024,4,OK,106.591,14.142,2.066,122.799,17129.066,2302.974,347.742,19779.78,160.6989896
2024,4,OR,303.1,100.716,15.588,419.404,42166.387,14139.496,2232.019,58537.9,139.1170802
2024,4,PA,578.196,215.413,62.68,856.289,62203.403,23939.902,5947.657,92090.96,107.5818632
2024,4,RI,150.467,309.078,5.604,465.149,20804.036,45527.525,826.971,67158.53,138.2631142
2024,4,SC,295.398,68.755,23.603,387.756,45140.808,11420.596,3906.173,60467.58,152.8135194
2024,4,SD,2.797,1.486,0.0,4.283,446.623,240.564,0.0,687.187,159.6792992
2024,4,TN,16.065,32.93,0.03,49.025,2422.003,4816.556,4.55,7243.11,150.762714
2024,4,TX,2509.489,279.606,0.0,2789.1,398325.679,45147.907,0.0,443473.59,158.7278043
2024,4,UT,450.542,81.631,7.293,539.466,76151.135,13941.468,1248.728,91341.33,169.0211678
2024,4,VA,446.97,150.833,4.179,601.982,67481.184,23089.217,628.973,91199.37,150.97475
2024,4,VT,113.144,63.115,1.387,177.646,15424.194,9342.519,201.822,24968.53,136.32357
2024,4,WA,396.925,61.436,1.143,459.504,55759.899,8758.182,174.478,64692.56,140.4796851
2024,4,WI,120.303,89.88,22.542,232.725,18106.036,13704.364,3439.136,35249.54,150.5036117
2024,4,WV,28.215,8.506,1.741,38.462,4084.441,1246.989,253.896,5585.33,144.7613326
2024,4,WY,15.918,1.99,0.417,18.325,2533.874,320.806,66.677,2921.36,159.1829376
2024,5,AK,13.114,5.749,0.171,19.034,2228.542,970.425,30.361,3229.33,169.9360988
2024,5,AL,0.0,0.0,1.884,0.0,0.0,0.0,331.319,0.0,0.0
2024,5,AR,153.863,90.929,33.995,278.787,24970.348,15120.324,5563.052,45653.72,162.2894913
2024,5,AZ,2185.998,588.37,7.28,2781.65,427945.865,118227.497,1481.992,547655.35,195.7668145
2024,5,CA,12189.35,3380.141,1729.316,17298.81,2248210.289,643020.456,333761.353,3224992.1,184.4405394
2024,5,CO,886.455,223.219,32.159,1141.83,154326.057,40417.014,5933.771,200676.84,174.0935039
2024,5,CT,714.68,277.784,38.102,1030.57,101622.525,43744.277,6071.665,151438.47,142.1930444
2024,5,DC,102.436,54.936,0.0,157.372,16458.695,8975.252,0.0,25433.95,160.6729568
2024,5,DE,104.35,22.46,5.864,132.674,15638.845,3700.197,937.106,20276.15,149.8691423
2024,5,FL,2382.797,202.576,45.88,2631.25,418717.011,36601.774,8333.721,463652.51,175.7250034
2024,5,GA,124.167,53.228,150.303,327.698,21658.798,9258.348,26762.15,57679.3,174.4328042
2024,5,HI,596.408,290.279,2.234,888.921,96109.285,48655.977,373.447,145138.71,161.1468743
2024,5,IA,140.389,154.934,12.016,307.339,22752.269,25504.639,1982.78,50239.69,162.0658955
2024,5,ID,140.73,9.568,17.768,168.066,25261.317,1741.903,3260.969,30264.19,179.5020038
2024,5,IL,701.524,568.923,9.322,1279.77,111465.544,92097.596,1512.993,205076.13,158.890564
2024,5,IN,104.084,141.407,11.093,256.584,16668.719,22644.797,1796.555,41110.07,160.1467949
2024,5,KS,66.016,28.503,2.024,96.543,11119.253,4864.814,345.807,16329.87,168.4326981
2024,5,KY,75.123,24.719,1.412,101.254,12326.982,4131.396,234.836,16693.21,164.0906513
2024,5,LA,184.863,15.126,0.094,200.083,31999.771,2656.915,16.418,34673.1,173.0999226
2024,5,MA,1268.296,1548.509,54.107,2870.91,178797.013,242835.508,8500.574,430133.1,140.9741992
2024,5,MD,858.401,199.39,19.106,1076.9,115183.834,31215.099,3101.001,149499.93,134.1841797
2024,5,ME,101.134,546.267,0.026,647.427,15526.896,85529.606,4.078,101060.58,153.527953
2024,5,MI,137.803,86.364,4.955,229.122,22023.91,13970.278,660.58,36654.77,159.821702
2024,5,MN,178.291,70.906,15.696,264.893,28880.38,11679.082,2589.876,43149.34,161.9845085
2024,5,MO,281.988,165.171,12.014,459.173,46274.313,27540.907,2002.283,75817.5,164.1002915
2024,5,MS,11.666,5.493,0.376,17.535,2018.157,963.555,65.478,3047.19,172.9947711
2024,5,MT,53.776,11.741,0.0,65.517,8989.514,1995.389,0.0,10984.9,167.1659104
2024,5,NC,400.071,122.131,11.925,534.127,67726.277,20888.388,2051.141,90665.81,169.2856443
2024,5,ND,1.041,0.937,0.0,1.978,172.978,159.678,0.0,332.655,166.1652257
2024,5,NE,24.696,7.49,2.215,34.401,4166.384,1286.915,377.307,5830.61,168.7068351
2024,5,NH,166.354,75.921,7.987,250.262,24727.58,11613.181,1249.61,37590.37,148.6443368
2024,5,NJ,1312.861,922.767,126.679,2362.31,180190.322,145507.806,20629.043,346327.17,137.2501141
2024,5,NM,316.548,76.764,0.557,393.869,61996.068,15068.592,109.714,77174.37,195.8504492
2024,5,NV,935.913,67.412,34.332,1037.66,184738.729,13239.424,6872.353,204850.51,197.388784
2024,5,NY,1478.326,1678.689,15.873,3172.89,217374.181,271744.244,2557.973,491676.4,147.0407616
2024,5,OH,185.276,150.401,33.731,369.408,25829.746,23687.231,5469.056,54986.03,139.4122606
2024,5,OK,109.993,15.577,2.066,127.636,18452.066,2658.121,366.334,21476.52,167.75673
2024,5,OR,307.682,102.957,17.153,427.792,48228.616,16405.771,2746.808,67381.2,156.7482531
2024,5,PA,586.177,220.888,63.765,870.83,68594.514,27011.158,6698.75,102304.42,117.020139
2024,5,RI,151.794,309.538,5.604,466.936,22860.165,48952.791,886.442,72699.4,150.5999249
2024,5,SC,296.261,69.127,24.473,389.861,47991.868,12328.831,4351.166,64671.87,161.9918518
2024,5,SD,2.844,1.503,0.0,4.347,492.644,264.798,0.0,757.442,173.2222222
2024,5,TN,16.071,32.93,0.03,49.031,2653.793,5285.943,5.051,7944.79,165.1293012
2024,5,TX,2537.199,282.143,0.0,2819.34,425741.188,48754.973,0.0,474496.16,167.799683
2024,5,UT,449.32,81.842,7.293,538.455,83296.632,15378.773,1376.096,100051.5,185.3837621
2024,5,VA,473.842,153.979,4.179,632.0,77840.029,25714.168,681.6,104235.8,164.2742285
2024,5,VT,113.58,64.156,1.387,179.123,16803.403,10364.586,213.946,27381.94,147.9433263
2024,5,WA,401.832,62.119,1.171,465.122,61844.635,9717.549,195.635,71757.82,153.9066948
2024,5,WI,122.848,100.116,20.418,243.382,19541.854,16165.888,3302.338,39010.08,159.0734403
2024,5,WV,28.572,8.574,1.741,38.887,4505.438,1369.884,278.364,6153.69,157.6871763
2024,5,WY,16.432,2.035,0.417,18.884,2872.371,363.233,73.814,3309.42,174.8034932
2024,6,AK,13.287,5.796,0.171,19.254,2126.274,921.482,28.772,3076.53,160.0266426
2024,6,AL,0.0,0.0,1.884,0.0,0.0,0.0,316.833,0.0,0.0
2024,6,AR,154.961,106.813,34.279,296.053,25709.417,18261.923,5731.325,49702.67,165.9089513
2024,6,AZ,2199.413,589.701,7.28,2796.39,406117.689,111626.364,1434.608,519178.66,184.648217
2024,6,CA,12269.367,3428.865,1734.555,17432.79,2250230.6,648753.525,334957.936,3233942.06,183.4023385
2024,6,CO,893.011,223.948,32.209,1149.17,156160.083,40273.705,5901.79,202335.58,174.8691595
2024,6,CT,719.65,282.563,40.229,1042.44,107705.212,45143.343,6312.434,159160.99,149.6633252
2024,6,DC,104.154,55.278,0.0,159.432,16785.384,9046.326,0.0,25831.71,161.1592834
2024,6,DE,104.554,23.213,5.709,133.476,16394.349,3808.84,922.812,21126.0,156.8026953
2024,6,FL,2395.506,184.643,36.753,2616.9,376260.46,29766.033,5966.108,411992.6,157.0693039
2024,6,GA,125.098,53.123,151.053,329.274,20709.112,8940.345,25410.405,55059.86,165.5431102
2024,6,HI,600.801,291.269,2.234,894.304,97606.472,48687.431,369.477,146663.38,162.4605685
2024,6,IA,141.604,155.928,12.013,309.545,22983.269,25756.63,1988.23,50728.13,162.3066368
2024,6,ID,137.213,9.31,17.768,164.291,24804.38,1710.616,3289.914,29804.91,180.7728131
2024,6,IL,710.262,571.237,9.379,1290.88,114552.473,95380.659,1547.002,211480.13,161.2819959
2024,6,IN,104.613,141.755,11.156,257.524,17180.437,23374.392,1855.68,42410.51,164.2285089
2024,6,KS,68.006,29.563,2.172,99.741,11411.474,5035.933,370.028,16817.44,167.8009881
2024,6,KY,76.09,25.048,1.813,102.951,12533.744,4221.719,303.277,17058.74,164.722618
2024,6,LA,185.053,15.384,0.094,200.531,30456.238,2581.283,15.812,33053.33,164.5811632
2024,6,MA,1280.87,1551.132,54.592,2886.59,188271.883,240933.574,8443.954,437649.41,146.987503
2024,6,MD,864.322,200.486,18.952,1083.76,129585.094,32313.925,3108.702,165007.72,149.9268722
2024,6,ME,103.586,560.801,0.026,664.413,15534.04,85840.913,3.98,101378.93,149.9627363
2024,6,MI,137.929,88.474,4.965,231.368,22554.229,14689.337,679.646,37923.21,163.5205722
2024,6,MN,179.829,72.252,15.694,267.775,28944.597,11841.067,2581.834,43367.5,160.9562251
2024,6,MO,281.798,161.136,12.002,454.936,46755.311,27229.032,2033.73,76018.07,165.9178241
2024,6,MS,11.791,5.608,0.376,17.775,1954.644,948.812,63.659,2967.12,165.7742346
2024,6,MT,55.199,11.888,0.0,67.087,9180.519,2013.172,0.0,11193.69,166.316763
2024,6,NC,403.649,123.028,11.925,538.602,66343.363,20494.159,1994.465,88831.99,164.3590421
2024,6,ND,1.057,0.93,0.0,1.987,172.219,155.388,0.0,327.606,162.9318827
2024,6,NE,24.807,7.591,2.13,34.528,4189.057,1309.018,363.606,5861.68,168.8659249
2024,6,NH,168.507,76.129,7.987,252.623,24879.033,11389.586,1221.742,37490.36,147.6439139
2024,6,NJ,1321.166,926.657,129.53,2377.35,200680.621,146254.39,20932.022,367867.03,151.8965982
2024,6,NM,318.258,77.451,0.557,396.266,59692.669,14443.722,106.566,74242.96,187.5606238
2024,6,NV,941.98,67.45,34.332,1043.76,182573.371,13150.459,6750.308,202474.14,193.8187339
2024,6,NY,1486.287,1688.988,15.873,3191.15,225182.435,267706.486,2505.564,495394.49,151.5066976
2024,6,OH,185.543,151.859,35.804,373.206,26150.924,24206.114,5920.523,56277.56,140.9426602
2024,6,OK,111.318,16.089,2.217,129.624,18846.545,2770.605,392.048,22009.2,169.3036616
2024,6,OR,313.264,103.503,17.104,433.871,50751.613,17090.645,2830.903,70673.16,162.0090818
2024,6,PA,587.756,222.519,63.955,874.23,74173.679,26833.6,6600.078,107607.36,126.1980805
2024,6,RI,152.99,309.543,5.729,468.262,23734.212,48879.158,902.03,73515.4,155.1357082
2024,6,SC,297.427,69.172,24.713,391.312,46909.045,11721.518,4193.956,62824.52,157.7161623
2024,6,SD,2.858,1.503,0.0,4.361,491.343,263.169,0.0,754.512,171.9184745
2024,6,TN,16.069,32.93,0.03,49.029,2645.741,5308.054,4.941,7958.74,164.6487647
2024,6,TX,2556.804,284.83,0.0,2841.63,433879.612,49426.556,0.0,483306.17,169.6960784
2024,6,UT,452.641,83.534,7.767,543.942,83449.82,15621.783,1461.212,100532.81,184.3620441
2024,6,VA,478.866,154.679,4.179,637.724,78152.659,25686.011,685.278,104523.95,163.2036081
2024,6,VT,114.142,64.671,1.387,180.2,16679.127,10303.194,211.738,27194.06,146.1261148
2024,6,WA,405.426,63.47,1.171,470.067,63636.237,10149.447,200.406,73986.09,156.961411
2024,6,WI,124.782,101.189,20.435,246.406,20090.236,16639.379,3363.951,40093.57,161.0026767
2024,6,WV,28.995,9.003,1.741,39.739,4595.243,1450.853,280.091,6326.19,158.48398
2024,6,WY,16.776,2.061,0.417,19.254,2948.852,370.512,74.72,3394.08,175.7780162
2024,7,AK,13.458,6.058,0.171,19.687,2081.813,920.94,28.031,3030.78,154.689627
2024,7,AL,0.0,0.0,1.884,0.0,0.0,0.0,317.755,0.0,0.0
2024,7,AR,156.04,107.051,35.502,298.593,26840.262,18772.837,6256.612,51869.71,172.0088567
2024,7,AZ,2213.612,594.35,7.28,2815.24,395129.297,107262.952,1357.754,503750.0,178.499799
2024,7,CA,12314.25,3472.339,1732.638,17519.23,2304483.12,672117.617,343478.91,3320079.65,187.1395432
2024,7,CO,901.13,225.994,32.209,1159.33,157075.062,40164.03,5869.599,203108.69,174.308992
2024,7,CT,727.003,283.061,40.429,1050.49,106961.593,46038.432,6723.788,159723.81,147.126756
2024,7,DC,105.547,55.795,0.0,161.342,17266.348,9297.988,0.0,26564.34,163.5891878
2024,7,DE,105.511,25.035,5.719,136.265,16533.688,4213.381,950.768,21697.84,156.7010833
2024,7,FL,2439.627,188.038,36.689,2664.35,390617.856,30662.097,6038.478,427318.43,160.1137617
2024,7,GA,126.446,54.249,151.192,331.887,21073.231,9067.622,25609.403,55750.26,166.6579488
2024,7,HI,603.839,291.383,2.234,897.456,99610.484,49194.789,378.935,149184.21,164.9619915
2024,7,IA,142.377,156.525,12.011,310.913,24586.816,27538.042,2116.524,54241.38,172.6881168
2024,7,ID,138.472,9.361,17.768,165.601,26617.282,1834.196,3488.279,31939.76,192.2214022
2024,7,IL,730.294,582.928,9.389,1322.61,119435.256,100867.794,1620.396,221923.45,163.544074
2024,7,IN,105.941,142.54,11.543,260.024,17845.449,24191.518,1988.147,44025.11,168.4470507
2024,7,KS,67.436,29.623,1.623,98.682,11860.328,5280.114,288.796,17429.24,175.8753188
2024,7,KY,77.016,25.294,1.931,104.241,12647.528,4251.462,321.171,17220.16,164.2194869
2024,7,LA,185.281,15.396,0.094,200.771,30439.836,2586.726,15.924,33042.49,164.2901107
2024,7,MA,1294.841,1554.043,54.625,2903.51,189258.032,256664.597,9042.567,454965.2,146.1631444
2024,7,MD,869.655,202.7,18.961,1091.32,127202.978,33244.69,3157.658,163605.33,146.2683225
2024,7,ME,107.1,574.793,0.026,681.919,16913.347,92396.825,4.118,109314.29,157.9210738
2024,7,MI,155.892,91.925,4.967,252.784,26145.633,15694.931,699.315,42539.88,167.7163228
2024,7,MN,182.27,73.593,15.693,271.556,31760.393,13063.25,2797.606,47621.25,174.2491524
2024,7,MO,283.313,160.147,12.014,455.474,48571.585,27957.593,2092.127,78621.31,171.441427
2024,7,MS,11.816,5.644,0.376,17.836,1936.002,945.21,63.336,2944.55,163.8458023
2024,7,MT,56.908,12.007,0.0,68.915,10526.696,2263.16,0.0,12789.86,184.9774373
2024,7,NC,408.659,124.296,11.925,544.88,66427.512,20432.549,1969.777,88829.84,162.5499793
2024,7,ND,1.11,0.932,0.0,2.042,198.684,171.775,0.0,370.459,178.9945946
2024,7,NE,24.926,7.691,2.13,34.747,4384.794,1382.819,379.386,6147.0,175.9124609
2024,7,NH,170.868,77.256,7.987,256.111,26758.724,12255.303,1294.618,40308.65,156.6046539
2024,7,NJ,1332.184,930.578,129.575,2392.34,199584.177,151945.332,21768.663,373298.17,149.8172752
2024,7,NM,319.601,77.902,0.557,398.06,58360.838,14153.138,105.125,72619.1,182.6053047
2024,7,NV,957.331,67.545,34.73,1059.61,183319.259,13223.235,6764.968,203307.46,191.4899434
2024,7,NY,1503.508,1692.45,15.874,3211.83,230251.737,279269.543,2607.735,512129.01,153.1430076
2024,7,OH,188.517,151.399,35.817,375.733,27025.476,24577.533,6111.849,57714.86,143.3582966
2024,7,OK,113.818,16.875,2.862,133.555,20608.501,3106.398,532.769,24247.67,181.0653939
2024,7,OR,318.079,104.403,17.104,439.586,57841.318,19242.125,3184.032,80267.48,181.8457616
2024,7,PA,597.716,226.869,65.005,889.59,77655.21,28221.183,6982.547,112858.94,129.9199118
2024,7,RI,154.378,310.043,5.729,470.15,24028.247,51412.208,952.591,76393.05,155.6455389
2024,7,SC,299.132,69.479,25.213,393.824,47090.68,11800.319,4272.269,63163.27,157.4244146
2024,7,SD,2.914,1.503,0.0,4.417,534.224,280.991,0.0,815.215,183.3301304
2024,7,TN,16.059,32.93,0.03,49.019,2603.867,5141.274,4.838,7749.98,162.1437823
2024,7,TX,2583.307,290.771,0.0,2874.09,449186.452,51789.45,0.0,500977.17,173.880399
2024,7,UT,455.961,84.048,7.832,547.841,85053.782,16009.7,1487.86,102551.34,186.5374056
2024,7,VA,483.886,155.614,4.19,643.69,79032.05,25846.897,685.77,105564.72,163.3278293
2024,7,VT,114.704,64.956,1.387,181.047,17624.934,10864.588,216.918,28706.44,153.6557923
2024,7,WA,409.926,64.56,1.171,475.657,72000.976,11557.279,220.258,83778.51,175.6438382
2024,7,WI,127.104,102.329,20.439,249.872,21495.921,17605.164,3513.627,42614.71,169.1207279
2024,7,WV,29.491,8.446,1.788,39.725,4652.577,1356.372,287.514,6296.46,157.7626055
2024,7,WY,17.033,2.068,0.437,19.538,3107.93,389.407,82.949,3580.29,182.4652146
2024,8,AK,13.683,6.069,0.171,19.923,1784.202,798.047,24.328,2606.58,130.3955273
2024,8,AL,0.0,0.0,1.884,0.0,0.0,0.0,306.81,0.0,0.0
2024,8,AR,158.489,111.144,36.024,305.657,26721.89,19129.576,6180.765,52032.23,168.6040672
2024,8,AZ,2230.054,597.753,7.28,2835.09,379891.453,103749.429,1314.596,484955.48,170.3507866
2024,8,CA,12453.555,3511.751,1742.463,17707.77,2223629.27,656761.585,334243.274,3214634.13,178.553776
2024,8,CO,907.62,227.321,32.209,1167.15,146994.404,38150.117,5584.534,190729.06,161.955889
2024,8,CT,733.443,284.927,40.429,1058.8,97898.551,43561.103,6277.662,147737.32,133.4780631
2024,8,DC,107.603,56.652,0.0,164.255,16708.565,8951.965,0.0,25660.53,155.279732
2024,8,DE,106.265,25.896,5.725,137.886,15505.726,4104.682,883.198,20493.61,145.9156449
2024,8,FL,2480.326,191.152,36.693,2708.17,377206.854,29903.078,5787.961,412897.89,152.0795468
2024,8,GA,128.021,55.97,151.368,335.359,20529.392,9075.933,24474.788,54080.11,160.359566
2024,8,HI,607.673,291.858,2.234,901.765,97068.18,47984.924,368.46,145421.56,159.7375233
2024,8,IA,144.409,159.103,12.011,315.523,23018.377,25759.39,1949.606,50727.37,159.3971082
2024,8,ID,139.795,9.379,17.768,166.942,25790.532,1759.45,3348.819,30898.8,184.4882292
2024,8,IL,750.093,582.94,9.434,1342.47,114902.89,93750.593,1503.934,210157.42,153.1848584
2024,8,IN,106.456,142.547,11.591,260.594,16985.835,22680.863,1855.147,41521.85,159.5573288
2024,8,KS,68.59,29.855,1.623,100.068,11537.558,5066.195,275.2,16878.95,168.2104972
2024,8,KY,78.346,25.899,1.813,106.058,12683.951,4290.336,297.958,17272.25,161.8965997
2024,8,LA,185.818,15.434,0.094,201.346,29956.067,2539.147,15.562,32510.78,161.2118686
2024,8,MA,1311.613,1556.163,54.768,2922.54,178446.953,242039.333,8525.085,429011.37,136.0515282
2024,8,MD,876.611,207.055,18.967,1102.63,118192.243,31810.417,2981.231,152983.89,134.8286104
2024,8,ME,110.287,585.487,0.026,695.8,16829.815,91138.337,3.983,107972.13,152.6001705
2024,8,MI,157.032,94.724,4.975,256.731,24307.559,14853.577,643.43,39804.57,154.7936663
2024,8,MN,184.909,76.065,15.694,276.668,29291.518,12250.879,2538.757,44081.15,158.4104505
2024,8,MO,287.124,160.943,12.015,460.082,47316.813,26917.29,2008.198,76242.3,164.7957433
2024,8,MS,12.738,6.14,0.387,19.265,2050.624,1006.553,64.072,3121.25,160.98477
2024,8,MT,59.094,12.236,0.0,71.33,10273.915,2163.028,0.0,12436.94,173.8571598
2024,8,NC,413.799,125.876,11.925,551.6,65216.288,20081.029,1909.993,87207.31,157.6037835
2024,8,ND,1.11,0.932,0.0,2.042,184.053,158.897,0.0,342.95,165.8135135
2024,8,NE,25.151,7.709,2.153,35.013,4174.638,1304.415,360.026,5839.08,165.9829828
2024,8,NH,173.297,77.506,7.987,258.79,25036.469,11728.526,1237.141,38002.14,144.4714507
2024,8,NJ,1343.16,934.953,129.77,2407.88,180086.531,140862.975,20163.237,341112.74,134.0767526
2024,8,NM,321.499,78.722,0.557,400.778,56396.46,13701.472,100.441,70198.37,175.4172175
2024,8,NV,970.58,67.138,34.73,1072.45,178649.505,12867.46,6644.301,198161.27,184.0646881
2024,8,NY,1515.738,1699.978,15.874,3231.59,211866.101,261867.9,2434.575,476168.58,139.7775216
2024,8,OH,191.945,154.619,37.404,383.968,26102.703,23626.441,5892.447,55621.59,135.9905337
2024,8,OK,116.132,17.491,2.862,136.485,20095.598,3060.809,504.957,23661.37,173.0410051
2024,8,OR,321.212,106.742,17.106,445.06,55028.223,18420.427,3013.895,76462.55,171.3143438
2024,8,PA,630.485,236.002,69.528,936.015,72221.07,27276.112,7133.171,106630.35,114.5484349
2024,8,RI,155.18,313.32,5.976,474.476,22992.195,49082.501,935.668,73010.36,148.1646797
2024,8,SC,300.189,69.732,25.38,395.301,44453.354,11278.444,4119.321,59851.12,148.0845534
2024,8,SD,2.947,1.522,0.0,4.469,514.461,270.417,0.0,784.878,174.5710892
2024,8,TN,16.05,32.88,0.03,48.96,2595.097,5228.345,4.894,7828.34,161.6882866
2024,8,TX,2608.147,295.352,0.0,2903.54,440426.583,50762.881,0.0,491197.13,168.8657054
2024,8,UT,456.499,84.211,7.832,548.542,81432.189,15299.204,1421.679,98153.07,178.3841564
2024,8,VA,490.209,156.551,4.19,650.95,77236.354,25071.5,660.408,102968.26,157.5580089
2024,8,VT,115.281,65.257,1.387,181.925,16168.382,10061.277,208.949,26438.61,140.2519236
2024,8,WA,415.015,65.185,1.171,481.371,68313.476,10914.992,207.597,79436.07,164.604836
2024,8,WI,129.499,103.589,20.708,253.796,19999.629,16272.545,3244.787,39516.96,154.4384822
2024,8,WV,30.046,8.839,1.788,40.673,4626.861,1378.82,279.152,6284.83,153.992578
2024,8,WY,17.374,2.088,0.417,19.879,3002.356,371.754,74.696,3448.81,172.8074134
2024,9,AK,13.852,6.114,0.171,20.137,1411.123,603.993,18.144,2033.26,101.8714265
2024,9,AL,0.0,0.0,1.884,0.0,0.0,0.0,263.823,0.0,0.0
2024,9,AR,165.184,112.387,98.753,376.324,23872.3,16399.833,14513.294,54785.43,144.519445
2024,9,AZ,2238.522,598.265,7.28,2844.07,359440.54,100027.545,1255.496,460723.58,160.5704746
2024,9,CA,12538.702,3561.816,1749.156,17849.67,1979783.645,598296.818,302347.199,2880427.66,157.893827
2024,9,CO,914.54,228.474,32.209,1175.22,140551.78,36236.958,5264.785,182053.52,153.6857655
2024,9,CT,793.392,288.49,40.429,1122.31,92891.829,38496.536,5465.822,136854.19,117.0818826
2024,9,DC,109.356,56.824,0.0,166.18,14609.329,7704.697,0.0,22314.03,133.5942152
2024,9,DE,106.814,25.837,5.738,138.389,12996.871,3491.473,744.28,17232.62,121.6775984
2024,9,FL,2505.191,192.312,36.702,2734.21,332058.657,26216.114,5038.58,363313.35,132.5482396
2024,9,GA,128.444,56.059,151.381,335.884,17548.969,7660.38,21049.42,46258.77,136.627394
2024,9,HI,612.1,292.042,2.234,906.376,90430.259,43951.182,331.528,134712.97,147.737721
2024,9,IA,145.992,160.964,12.01,318.966,20927.766,23343.971,1746.31,46018.05,143.3487177
2024,9,ID,141.736,9.489,17.768,168.993,23286.08,1577.012,2981.622,27844.71,164.291923
2024,9,IL,771.276,595.614,9.454,1376.34,103355.463,85668.836,1358.827,190383.13,134.0058073
2024,9,IN,107.76,143.021,11.767,262.548,15168.178,20052.634,1660.68,36881.49,140.7588901
2024,9,KS,69.582,29.92,1.651,101.153,10296.948,4474.527,246.642,15018.12,147.9829266
2024,9,KY,78.633,26.292,1.813,106.738,11047.683,3756.284,256.82,15060.79,140.4967762
2024,9,LA,187.031,14.351,0.094,201.476,26271.225,2042.695,13.392,28327.31,140.4645487
2024,9,MA,1320.363,1556.151,54.692,2931.21,152942.789,210464.755,7407.805,370815.35,115.8338949
2024,9,MD,882.219,208.25,19.86,1110.33,95691.01,27052.298,2646.729,125390.04,108.4662765
2024,9,ME,113.184,598.103,0.026,711.313,15046.914,80914.456,3.461,95964.83,132.9420589
2024,9,MI,158.667,97.432,5.316,261.415,21445.023,13294.242,609.318,35348.58,135.157424
2024,9,MN,187.104,76.377,15.693,279.174,25521.943,10532.512,2183.345,38237.8,136.4051169
2024,9,MO,290.57,159.638,12.029,462.237,42381.188,23582.894,1773.964,67738.05,145.8553464
2024,9,MS,0.0,5.691,0.387,18.097,0.0,806.585,55.084,2543.67,0.0
2024,9,MT,61.222,12.446,0.0,73.668,9089.85,1871.004,0.0,10960.85,148.4735879
2024,9,NC,418.124,127.75,11.925,557.799,56814.81,17543.777,1645.923,76004.51,135.8802891
2024,9,ND,1.172,0.932,0.0,2.104,163.081,132.909,0.0,295.99,139.1476109
2024,9,NE,25.332,7.772,2.153,35.257,3788.93,1179.424,323.334,5291.69,149.5708985
2024,9,NH,175.177,77.536,7.987,260.7,22033.551,10132.213,1066.943,33232.71,125.7787895
2024,9,NJ,1352.54,935.344,129.995,2417.88,150377.779,122481.714,17603.017,290462.51,111.181761
2024,9,NM,323.821,79.478,0.557,403.856,53819.58,13171.935,94.128,67085.64,166.2016361
2024,9,NV,983.726,67.149,34.73,1085.61,165651.4,11869.699,6211.196,183732.3,168.3918083
2024,9,NY,1529.006,1705.22,15.874,3250.1,183037.999,225813.203,2090.006,410941.21,119.7104518
2024,9,OH,196.284,154.944,37.445,388.673,23302.43,20717.935,5207.781,49228.15,118.7179291
2024,9,OK,118.367,17.479,2.868,138.714,17774.85,2663.456,445.939,20884.24,150.1672764
2024,9,OR,326.293,108.181,17.106,451.58,48673.079,16182.263,2622.981,67478.32,149.1698535
2024,9,PA,636.522,238.591,69.628,944.741,60267.841,23536.925,6127.2,89931.97,94.68304473
2024,9,RI,149.525,383.155,5.856,538.536,18779.582,52561.284,800.562,72141.43,125.5949306
2024,9,SC,301.182,70.128,25.38,396.69,38226.208,9821.051,3564.462,51611.72,126.9206261
2024,9,SD,2.987,1.522,0.0,4.509,456.562,235.713,0.0,692.276,152.849682
2024,9,TN,16.051,32.88,0.03,48.961,2253.576,4423.012,4.273,6680.86,140.4009719
2024,9,TX,2638.699,297.347,0.0,2940.43,387750.559,44622.535,0.0,433041.16,146.947628
2024,9,UT,459.259,84.81,7.832,551.901,75872.171,14236.953,1314.882,91424.01,165.2056269
2024,9,VA,496.748,157.902,4.192,658.842,66937.29,21553.226,566.646,89057.16,134.7510005
2024,9,VT,115.901,65.71,1.387,182.998,14197.52,9011.044,177.616,23386.18,122.4969586
2024,9,WA,416.32,67.053,1.249,484.622,58383.799,9537.635,189.09,68110.52,140.2377954
2024,9,WI,131.882,104.97,20.718,257.57,17978.588,14571.823,2860.492,35410.9,136.323289
2024,9,WV,30.618,8.87,1.667,41.155,4073.982,1192.105,225.919,5492.01,133.058397
2024,9,WY,17.58,2.088,0.417,20.085,2753.101,333.051,66.27,3152.42,156.6041524
2024,10,AK,14.053,6.174,0.171,20.398,530.336,281.477,5.291,817.104,37.73827652
2024,10,AL,0.0,0.0,1.884,0.0,0.0,0.0,252.207,0.0,0.0
2024,10,AR,167.544,113.367,98.482,379.393,21507.58,14811.893,12711.918,49031.39,128.3697417
2024,10,AZ,2253.381,600.687,7.28,2861.35,346653.355,97254.77,1234.022,445142.15,153.8369921
2024,10,CA,12588.892,3575.849,1749.227,17913.97,1786948.661,548279.551,274183.607,2609411.82,141.9464605
2024,10,CO,917.402,228.534,32.21,1178.15,129183.262,33782.75,4960.24,167926.25,140.8142363
2024,10,CT,803.205,288.602,40.427,1132.23,80172.416,33112.287,4486.968,117771.67,99.81563362
2024,10,DC,112.181,58.149,0.0,170.33,13636.428,7140.055,0.0,20776.48,121.557376
2024,10,DE,107.626,26.504,7.398,141.528,11971.338,3262.384,883.617,16117.34,111.2309107
2024,10,FL,2526.317,193.933,36.724,2756.97,336741.968,26908.817,5119.387,368770.17,133.2936318
2024,10,GA,131.092,56.505,151.434,339.031,17281.513,7521.675,20234.975,45038.16,131.8273655
2024,10,HI,614.684,291.08,2.234,907.998,83813.317,40519.368,312.584,124645.27,136.3518767
2024,10,IA,148.553,162.778,12.006,323.337,16741.781,18447.74,1370.018,36559.54,112.6990434
2024,10,ID,142.958,9.595,17.768,170.321,20343.246,1365.987,2586.893,24296.13,142.3022566
2024,10,IL,799.181,603.598,9.516,1412.3,87262.29,68818.372,1053.316,157133.98,109.1896454
2024,10,IN,108.66,144.123,12.505,265.288,12320.712,15933.845,1372.963,29627.52,113.3877416
2024,10,KS,70.493,30.334,1.944,102.771,9028.065,3890.1,248.149,13166.31,128.0703758
2024,10,KY,79.333,26.234,2.043,107.61,9597.148,3225.34,249.277,13071.77,120.9729621
2024,10,LA,187.669,14.447,0.097,202.213,25734.851,1998.86,13.353,27747.06,137.1289398
2024,10,MA,1335.354,1559.452,54.692,2949.5,126603.99,169778.499,5928.464,302310.95,94.80930899
2024,10,MD,889.651,209.983,19.895,1119.53,90102.079,25246.139,2383.872,117732.09,101.2780056
2024,10,ME,116.2,652.077,0.026,768.303,11670.418,66404.748,2.534,78077.7,100.4338898
2024,10,MI,160.685,98.516,5.326,264.527,15064.916,9234.764,422.796,24722.48,93.75433924
2024,10,MN,189.404,76.813,15.691,281.908,19058.181,7777.482,1618.797,28454.46,100.6218506
2024,10,MO,295.181,162.37,11.909,469.46,36658.341,20269.773,1486.903,58415.02,124.1893652
2024,10,MS,11.939,5.664,0.395,17.998,1621.081,773.258,54.075,2448.42,135.7802999
2024,10,MT,63.885,12.574,0.0,76.459,7548.172,1495.881,0.0,9044.05,118.1524928
2024,10,NC,423.376,127.663,12.136,563.175,54566.569,16471.819,1576.995,72615.38,128.8844172
2024,10,ND,1.172,0.982,0.0,2.154,124.406,108.722,0.0,233.128,106.1484642
2024,10,NE,25.636,7.753,2.152,35.541,3247.805,993.575,271.777,4513.16,126.6892261
2024,10,NH,177.894,77.638,7.987,263.519,17459.025,7885.167,826.843,26171.04,98.14285473
2024,10,NJ,1363.329,936.301,131.737,2431.37,145080.841,106707.875,15435.031,267223.75,106.416603
2024,10,NM,325.964,79.663,0.557,406.184,52720.349,12823.383,89.442,65633.17,161.7367225
2024,10,NV,998.004,67.329,34.73,1100.06,153087.798,11051.601,5841.089,169980.49,153.3939724
2024,10,NY,1543.249,1720.1,15.889,3279.24,155017.525,172506.84,1578.552,329102.92,100.4488096
2024,10,OH,200.681,158.393,38.98,398.054,18797.999,16562.093,4159.092,39519.18,93.67104509
2024,10,OK,120.753,17.355,2.725,140.833,16019.242,2322.344,376.37,18717.96,132.6612341
2024,10,OR,331.549,109.023,17.107,457.679,35012.231,11567.715,1842.076,48422.02,105.6019804
2024,10,PA,648.193,240.655,70.148,958.996,55699.496,19767.606,5257.332,80724.43,85.93041887
2024,10,RI,151.073,383.953,5.856,540.882,16056.393,42923.623,652.544,59632.56,106.2823469
2024,10,SC,302.411,70.396,25.38,398.187,37133.163,9322.825,3361.237,49817.23,122.7903846
2024,10,SD,3.015,1.522,0.0,4.537,385.341,196.265,0.0,581.607,127.8079602
2024,10,TN,16.067,32.88,0.03,48.977,2025.381,4092.955,3.769,6122.11,126.0584428
2024,10,TX,2665.056,302.887,0.0,2972.3,362061.646,41617.646,0.0,404273.05,135.8551738
2024,10,UT,462.038,85.026,8.233,555.297,70295.284,13068.252,1270.063,84633.6,152.1417805
2024,10,VA,502.752,160.831,4.192,667.775,62757.969,20216.662,515.363,83489.99,124.8288798
2024,10,VT,116.382,66.064,1.387,183.833,10036.761,6765.329,120.74,16922.83,86.23980512
2024,10,WA,417.903,67.952,1.249,487.104,37930.356,6221.974,135.0,44287.33,90.76354082
2024,10,WI,133.942,106.376,20.857,261.175,13423.407,10801.458,2095.617,26320.48,100.2180571
2024,10,WV,31.28,9.172,1.788,42.24,3586.857,1052.526,201.102,4840.49,114.6693414
2024,10,WY,18.032,2.088,0.426,20.546,2462.734,288.522,58.282,2809.54,136.5757542
2024,11,AK,14.21,6.194,0.171,20.575,106.455,29.57,0.0,136.025,7.491555243
2024,11,AL,0.0,0.0,1.884,0.0,0.0,0.0,218.374,0.0,0.0
2024,11,AR,168.587,114.358,99.636,382.581,17536.574,11953.464,10392.103,39882.14,104.020915
2024,11,AZ,2268.263,602.817,7.28,2878.36,306360.013,87483.926,1103.16,394947.1,135.0637087
2024,11,CA,12632.131,3599.626,1750.396,17982.15,1433858.279,437139.674,208976.02,2079973.97,113.5088196
2024,11,CO,929.065,230.697,32.21,1191.97,109259.632,28525.464,4296.782,142081.88,117.6017092
2024,11,CT,787.756,287.426,44.548,1119.73,56877.435,24143.367,3676.31,84697.11,72.20184296
2024,11,DC,114.868,58.928,0.0,173.796,11223.668,5771.567,0.0,16995.24,97.70926629
2024,11,DE,108.519,26.45,7.396,142.365,9687.785,2596.407,688.815,12973.01,89.27270801
2024,11,FL,2548.839,195.489,36.794,2781.12,317097.262,24867.143,4703.752,346668.16,124.4085099
2024,11,GA,132.896,56.921,151.433,341.25,15321.704,6565.137,17756.19,39643.03,115.2909343
2024,11,HI,617.619,292.737,2.234,912.59,74060.803,35136.771,278.773,109476.35,119.9134143
2024,11,IA,150.345,164.725,12.013,327.083,12896.558,14140.465,1041.782,28078.81,85.77975989
2024,11,ID,144.174,9.746,17.773,171.693,13007.974,868.578,1635.011,15511.56,90.22413195
2024,11,IL,828.321,606.705,9.568,1444.59,56839.135,50000.835,761.642,107601.61,68.61969575
2024,11,IN,110.045,148.045,12.562,270.652,8873.072,11458.404,943.666,21275.14,80.63130538
2024,11,KS,71.202,31.767,1.946,104.915,7691.353,3392.419,206.286,11290.06,108.0215865
2024,11,KY,80.147,26.555,2.043,108.745,7380.653,2491.804,191.369,10063.83,92.08894906
2024,11,LA,187.319,14.452,0.097,201.868,21878.732,1697.628,11.206,23587.57,116.7993209
2024,11,MA,1348.553,1562.174,55.394,2966.12,92364.196,122757.069,4335.112,219456.38,68.49133553
2024,11,MD,898.08,211.723,19.894,1129.7,64711.279,19508.341,1818.316,86037.94,72.05513874
2024,11,ME,119.129,711.604,0.026,830.759,8442.066,51180.7,1.756,59624.52,70.86491115
2024,11,MI,161.23,99.384,5.335,265.949,9695.878,5930.736,269.548,15896.16,60.13693481
2024,11,MN,193.61,81.44,15.694,290.744,15025.389,6343.896,1242.628,22611.91,77.60647177
2024,11,MO,298.727,162.388,12.046,473.161,29718.11,16114.222,1191.022,47023.36,99.48250409
2024,11,MS,11.924,5.689,0.395,18.008,1408.158,669.995,45.768,2123.92,118.0944314
2024,11,MT,66.138,12.93,0.0,79.068,5088.944,992.323,0.0,6081.27,76.94432853
2024,11,NC,427.889,128.339,12.136,568.364,48027.767,14318.921,1369.056,63715.74,112.2435188
2024,11,ND,1.206,0.982,0.0,2.188,91.346,73.482,0.0,164.828,75.74295191
2024,11,NE,25.739,7.651,2.227,35.617,2640.46,788.171,226.332,3654.96,102.5859591
2024,11,NH,180.118,77.889,7.987,265.994,12721.149,5693.843,595.217,19010.21,70.62675024
2024,11,NJ,1373.348,953.953,145.386,2472.69,104608.884,82686.064,13182.655,200477.6,76.170704
2024,11,NM,328.439,79.723,0.557,408.719,48182.788,11610.509,82.238,59875.54,146.7023953
2024,11,NV,1009.623,68.368,34.73,1112.72,131547.744,9237.971,5077.904,145863.62,130.2939256
2024,11,NY,1557.126,1742.59,15.891,3315.61,111825.856,120930.068,1084.742,233840.67,71.81554736
2024,11,OH,205.591,163.743,40.56,409.894,13107.643,11596.413,2797.503,27501.56,63.7559183
2024,11,OK,122.279,17.425,2.725,142.429,13929.472,1996.954,326.833,16253.26,113.9154884
2024,11,OR,336.035,111.709,17.107,464.851,18536.469,6071.896,952.604,25560.97,55.16231643
2024,11,PA,654.572,244.775,70.148,969.495,38711.095,14486.593,3929.687,57127.37,59.13955226
2024,11,RI,147.804,383.535,5.85,537.189,11825.664,32084.508,487.596,44397.77,80.00909312
2024,11,SC,303.779,70.958,25.24,399.977,31700.804,8365.505,2952.338,43018.65,104.3548237
2024,11,SD,3.056,1.522,0.0,4.578,304.01,151.753,0.0,455.762,99.47971204
2024,11,TN,16.077,32.88,0.0,48.987,1651.178,3248.724,0.0,4902.98,102.7043603
2024,11,TX,2682.883,305.242,0.0,2992.48,311964.766,35747.509,0.0,348224.47,116.279676
2024,11,UT,464.321,87.222,8.316,559.859,55766.615,10488.002,1012.254,67266.87,120.1035814
2024,11,VA,510.415,162.359,4.192,676.966,53299.15,16997.987,413.923,70711.06,104.4231655
2024,11,VT,116.802,66.416,1.387,184.605,6634.331,4451.592,83.498,11169.42,56.79980651
2024,11,WA,424.334,68.754,1.249,494.337,19113.862,3083.291,65.975,22263.13,45.04438013
2024,11,WI,136.437,107.267,21.173,264.877,10101.213,8026.129,1553.092,19680.43,74.03573078
2024,11,WV,31.844,9.433,1.788,43.065,2797.015,816.888,150.309,3764.21,87.83491396
2024,11,WY,18.286,2.088,0.426,20.8,1868.108,208.56,41.524,2118.19,102.16056
2024,12,AK,14.247,6.298,0.171,20.716,0.0,0.0,0.0,0.0,0.0
2024,12,AL,0.0,0.0,1.884,0.0,0.0,0.0,190.842,0.0,0.0
2024,12,AR,169.368,116.045,99.882,385.295,16762.039,11351.843,10028.435,38142.32,98.96815809
2024,12,AZ,2283.845,605.424,7.28,2896.55,291279.563,84798.985,1073.656,377152.21,127.5391119
2024,12,CA,12679.61,3638.301,1754.532,18072.44,1260924.473,391124.934,181404.073,1833453.48,99.44505178
2024,12,CO,937.982,231.579,33.386,1202.95,102287.584,26253.277,4126.906,132667.77,109.0506897
2024,12,CT,805.679,290.474,40.427,1136.58,52014.969,23345.879,3446.144,78806.99,64.56041302
2024,12,DC,117.151,59.229,0.0,176.38,11264.476,5701.983,0.0,16966.46,96.15347714
2024,12,DE,108.892,26.939,7.705,143.536,9315.989,2513.365,684.225,12513.58,85.55255666
2024,12,FL,2575.177,197.892,36.8,2809.87,298249.275,23430.302,4379.165,326058.74,115.8170002
2024,12,GA,134.097,56.248,150.479,340.824,14060.828,5949.162,16026.451,36036.44,104.8556493
2024,12,HI,622.033,294.287,2.234,918.554,74963.798,35913.185,284.317,111161.3,120.5141817
2024,12,IA,152.681,168.565,12.277,333.523,10803.498,11863.336,866.645,23533.48,70.75862747
2024,12,ID,149.047,10.222,18.379,177.648,9519.454,645.668,1195.271,11360.39,63.86880648
2024,12,IL,861.732,613.894,9.675,1485.3,48447.614,42231.438,644.791,91323.84,56.22120799
2024,12,IN,111.386,148.896,15.289,275.571,7446.989,9523.508,949.302,17919.8,66.85749556
2024,12,KS,72.427,32.959,2.912,108.298,7244.687,3253.689,288.946,10787.32,100.0274345
2024,12,KY,81.261,26.715,2.212,110.188,6271.856,2077.858,172.454,8522.17,77.18162464
2024,12,LA,187.598,14.532,0.097,202.227,19388.186,1504.947,9.96,20903.09,103.3496413
2024,12,MA,1362.01,1569.459,55.004,2986.47,79690.983,123064.631,4399.022,207154.64,58.50983693
2024,12,MD,904.992,217.217,19.902,1142.11,62038.044,18743.938,1775.143,82557.13,68.55093084
2024,12,ME,122.554,728.835,0.026,851.415,9397.51,57801.579,2.064,67201.15,76.6805653
2024,12,MI,163.182,102.373,5.354,270.909,9338.834,5799.217,254.46,15392.51,57.22955963
2024,12,MN,196.446,83.677,15.705,295.828,12707.843,5363.365,983.899,19055.11,64.6887338
2024,12,MO,302.869,164.733,12.497,480.099,27347.449,14717.824,1101.05,43166.32,90.29464554
2024,12,MS,12.088,5.701,0.395,18.184,1238.204,579.917,39.463,1857.58,102.432495
2024,12,MT,68.193,13.118,0.0,81.311,4534.134,865.767,0.0,5399.9,66.48972768
2024,12,NC,432.946,129.029,12.136,574.111,45934.863,13549.775,1292.928,60777.57,106.0983656
2024,12,ND,1.227,0.982,0.0,2.209,62.433,50.986,0.0,113.419,50.88264059
2024,12,NE,25.872,7.645,2.228,35.745,2299.81,682.252,194.552,3176.61,88.8918522
2024,12,NH,182.308,78.26,7.987,268.555,12624.875,5988.766,625.778,19239.42,69.25025232
2024,12,NJ,1382.497,961.265,146.642,2490.4,94701.704,81598.016,13188.113,189487.83,68.50047704
2024,12,NM,330.789,80.211,0.557,411.557,47049.076,11252.384,79.882,58381.34,142.2328917
2024,12,NV,1021.188,68.643,34.73,1124.56,121105.575,8355.052,4757.67,134218.3,118.5928301
2024,12,NY,1573.206,1810.647,15.892,3399.75,103557.27,125328.062,1110.637,229995.97,65.82562614
2024,12,OH,210.786,165.81,41.814,418.41,11526.668,10044.682,2425.275,23996.62,54.68422001
2024,12,OK,123.613,17.866,3.093,144.572,13832.107,2008.082,360.502,16200.69,111.8984816
2024,12,OR,379.63,133.291,19.36,532.281,17538.607,5971.574,882.403,24392.58,46.19921239
2024,12,PA,663.986,247.202,82.448,993.636,34293.622,14569.834,4184.038,53047.49,51.64811005
2024,12,RI,149.098,65.526,5.85,220.474,11154.752,5233.571,488.371,16876.69,74.81490027
2024,12,SC,304.948,71.426,25.39,401.764,30085.494,7903.19,2794.173,40782.86,98.65778428
2024,12,SD,3.862,1.532,0.0,5.394,351.095,137.261,0.0,488.355,90.91015018
2024,12,TN,16.077,32.88,0.0,48.987,1417.841,2747.895,0.0,4168.44,88.19064502
2024,12,TX,2710.783,312.819,0.0,3027.98,299970.368,35131.763,0.0,335602.25,110.6582002
2024,12,UT,488.823,89.717,8.462,587.002,49114.932,8993.025,860.081,58968.04,100.4759023
2024,12,VA,518.544,164.192,4.297,687.033,51958.893,16412.903,417.397,68789.19,100.2015123
2024,12,VT,117.205,67.266,1.387,185.858,6543.381,4248.168,93.518,10885.07,55.82851414
2024,12,WA,432.465,69.425,1.348,503.238,17107.391,2701.6,57.283,19866.27,39.55786249
2024,12,WI,143.712,108.56,21.605,273.877,9720.087,7348.901,1423.033,18492.02,67.63587592
2024,12,WV,32.57,9.587,1.788,43.945,2691.151,784.264,138.883,3614.3,82.62668099
2024,12,WY,19.133,2.094,0.426,21.653,1634.365,167.372,32.568,1834.31,85.42126169
2025,1,AK,300.0,6.202,0.195,20.552,18833.0,7.095,0.0,7.176,0.00572236
2025,1,AL,80.0,0.0,1.884,0.0,5022.0,0.0,208.697,0.0,0.0
2025,1,AR,176.701,117.645,98.643,392.989,18011.757,11913.935,10256.364,40182.06,101.9335318
2025,1,AZ,2296.433,605.634,7.28,2909.35,307864.926,88596.012,1112.233,397573.17,134.0622287
2025,1,CA,12821.101,3694.048,1778.184,18293.33,1344156.599,414362.103,190563.707,1949082.41,104.8394049
2025,1,CO,945.192,232.242,33.386,1210.82,107055.909,27588.669,4355.412,138999.99,113.2636639
2025,1,CT,825.923,330.829,51.672,1208.42,59627.231,30118.594,4917.915,94663.74,72.194661
2025,1,DC,119.712,59.579,0.0,179.291,12250.244,6111.775,0.0,18362.02,102.330961
2025,1,DE,109.397,26.991,7.68,144.068,9406.313,2651.768,716.391,12774.47,85.98328108
2025,1,FL,2592.819,200.211,36.785,2829.82,327979.413,26063.89,4840.741,358884.04,126.4952984
2025,1,GA,134.909,56.828,150.467,342.204,15551.321,6624.683,17585.715,39761.72,115.2726727
2025,1,HI,624.97,295.027,2.234,922.231,72041.429,38140.034,302.922,110484.39,115.2718194
2025,1,IA,154.76,170.225,12.504,337.489,11507.58,12593.353,931.056,25031.99,74.35758594
2025,1,ID,150.924,10.351,18.499,179.774,10124.341,691.812,1283.96,12100.11,67.08237921
2025,1,IL,891.571,632.991,9.523,1534.09,60497.571,47544.45,688.495,108730.52,67.85502332
2025,1,IN,112.219,148.888,14.956,276.063,8517.247,10691.359,1050.382,20258.99,75.89843966
2025,1,KS,74.782,33.744,0.0,111.705,8151.698,3643.945,0.0,12139.89,109.0061512
2025,1,KY,81.486,26.653,2.702,110.841,6886.133,2291.762,230.182,9408.08,84.50694598
2025,1,LA,194.045,14.639,0.106,208.79,20881.097,1581.07,11.307,22473.47,107.6095596
2025,1,MA,1366.479,1550.701,52.494,2969.67,91880.036,141441.222,4869.259,238190.52,67.23852763
2025,1,MD,910.666,215.565,20.009,1146.24,63015.829,19696.806,1911.025,84623.66,69.19752028
2025,1,ME,124.294,739.618,0.026,863.938,11097.517,68808.183,2.48,79908.18,89.28441437
2025,1,MI,165.574,103.73,5.327,274.631,10359.903,6438.965,277.515,17076.38,62.56962446
2025,1,MN,200.18,85.181,15.852,301.213,13621.716,5757.615,1035.042,20414.37,68.0473374
2025,1,MO,300.36,162.412,22.853,485.625,29568.714,15895.254,2198.987,47662.96,98.4442469
2025,1,MS,12.146,5.697,0.0,18.203,1293.339,603.751,0.0,1934.48,106.4827104
2025,1,MT,70.727,13.605,0.0,84.332,5192.891,992.54,0.0,6185.43,73.42162116
2025,1,NC,427.692,129.367,12.136,569.195,49572.669,14896.05,1415.223,65883.94,115.907403
2025,1,ND,1.235,0.996,0.0,2.231,60.071,52.462,0.0,112.533,48.64048583
2025,1,NE,26.342,7.771,2.233,36.346,2553.814,758.866,209.544,3522.22,96.94837142
2025,1,NH,184.79,78.462,8.047,271.299,14999.115,7215.503,756.704,22971.32,81.16843444
2025,1,NJ,1398.32,826.428,147.838,2372.59,103429.579,75373.81,14320.1,193123.49,73.96703115
2025,1,NM,333.106,80.314,0.557,413.977,49723.055,11855.106,83.935,61662.1,149.2709678
2025,1,NV,1031.077,69.461,34.73,1135.27,129691.558,8929.151,4975.686,143596.4,125.7826118
2025,1,NY,1587.724,1863.805,15.895,3467.42,117380.688,151154.031,1323.445,269858.16,73.93015915
2025,1,OH,216.639,134.978,36.528,388.145,13498.722,9350.929,2408.9,25258.55,62.30975032
2025,1,OK,124.872,18.609,3.093,146.574,14599.163,2184.54,377.807,17161.51,116.9130229
2025,1,OR,346.15,117.939,17.109,481.198,19279.865,6426.825,941.491,26648.18,55.69800664
2025,1,PA,658.045,262.51,88.386,1008.94,36770.522,17749.592,5129.775,59649.89,55.87843081
2025,1,RI,151.582,69.905,5.85,227.337,12932.655,6411.682,550.348,19894.69,85.31788075
2025,1,SC,306.137,71.659,25.39,403.186,32733.929,8530.512,3014.568,44279.01,106.9257522
2025,1,SD,3.992,1.61,0.0,5.602,393.813,157.354,0.0,551.166,98.6505511
2025,1,TN,17.435,37.199,0.0,54.664,1683.56,3477.99,0.0,5164.52,96.56208775
2025,1,TX,2736.903,312.688,0.0,3058.43,313258.45,36764.924,0.0,351071.85,114.4572716
2025,1,UT,492.617,90.202,8.491,591.31,52489.512,9604.052,916.549,63010.11,106.5523764
2025,1,VA,522.85,165.593,4.298,692.741,56715.975,17966.404,455.51,75137.89,108.4746581
2025,1,VT,117.612,67.557,1.387,186.556,8068.039,5336.524,116.131,13520.69,68.59877393
2025,1,WA,438.041,70.373,1.506,509.92,20827.679,3319.062,81.599,24228.34,47.54732776
2025,1,WI,140.362,103.119,21.69,265.171,10019.052,7114.291,1530.813,18664.16,71.38008863
2025,1,WV,33.139,10.452,1.788,45.379,3048.779,955.488,156.0,4160.27,91.99972842
2025,1,WY,19.471,2.164,0.426,22.061,1850.569,188.036,34.955,2073.56,95.04231935
2025,2,AK,14.167,4.797,0.195,19.159,377.311,127.745,3.564,508.62,26.63309099
2025,2,AL,0.0,0.0,1.84,0.0,0.0,0.0,213.108,0.0,0.0
2025,2,AR,177.272,117.751,101.917,396.94,18586.142,12409.676,10767.278,41763.1,104.8453337
2025,2,AZ,2308.87,610.964,7.28,2927.11,307268.646,86501.765,1058.537,394828.95,133.0818305
2025,2,CA,12944.772,3766.772,1801.935,18513.48,1415560.194,431607.218,201236.517,2048403.93,109.3538143
2025,2,CO,950.447,230.328,33.386,1214.16,110595.216,27579.278,4322.27,142496.76,116.3612658
2025,2,CT,837.081,333.725,52.672,1223.48,68906.646,34309.239,5669.837,108885.72,82.3177757
2025,2,DC,121.665,60.105,0.0,181.77,13936.642,6941.413,0.0,20878.06,114.5493116
2025,2,DE,110.062,28.136,7.684,145.882,10924.188,3097.905,822.455,14844.55,99.25485635
2025,2,FL,2617.029,204.751,36.787,2858.57,328264.544,26455.298,4785.492,359505.33,125.4340491
2025,2,GA,136.724,57.189,150.552,344.465,16079.417,6800.918,18076.836,40957.17,117.604934
2025,2,HI,630.165,295.802,2.234,928.201,78386.577,37433.981,284.984,116105.54,124.3905596
2025,2,IA,156.089,171.752,13.338,341.179,14516.11,16032.024,1249.9,31798.03,92.9989301
2025,2,ID,151.651,10.412,18.671,180.734,13755.073,949.214,1747.137,16451.42,90.70215824
2025,2,IL,907.419,641.148,9.689,1558.26,74995.464,61984.772,891.151,137871.39,82.64700651
2025,2,IN,113.093,150.186,16.137,279.416,10642.755,13785.553,1454.245,25882.55,94.10622231
2025,2,KS,74.357,34.456,2.754,111.567,8432.645,3908.597,314.374,12655.62,113.4075474
2025,2,KY,82.326,26.974,2.661,111.961,8223.407,2704.505,264.785,11192.7,99.88833418
2025,2,LA,201.122,15.529,0.109,216.76,22552.867,1752.616,12.158,24317.64,112.1352562
2025,2,MA,1383.829,1514.207,48.327,2946.36,104367.374,156255.816,5067.917,265691.11,75.41927073
2025,2,MD,917.004,225.287,20.013,1162.3,78649.718,23486.558,2117.853,104254.13,85.76812969
2025,2,ME,126.486,741.439,0.026,867.951,12023.109,74561.71,2.612,86587.43,95.05485983
2025,2,MI,166.539,104.961,5.356,276.856,13818.301,8727.772,377.031,22923.1,82.9733636
2025,2,MN,202.054,89.265,15.696,307.015,17182.203,7627.232,1331.827,26141.26,85.03767805
2025,2,MO,301.679,163.791,12.225,477.695,31779.982,17347.144,1289.202,50416.33,105.3436998
2025,2,MS,12.646,5.721,0.0,18.727,1443.459,654.901,0.0,2138.95,114.1435236
2025,2,MT,72.872,13.665,0.0,86.537,6784.568,1271.833,0.0,8056.4,93.10253595
2025,2,NC,432.248,130.073,12.136,574.457,51085.058,15311.991,1446.434,67843.48,118.1846024
2025,2,ND,1.246,0.996,0.0,2.242,96.844,80.412,0.0,177.256,77.72391653
2025,2,NE,26.129,7.805,2.232,36.166,2760.498,832.549,232.814,3825.86,105.6488193
2025,2,NH,185.901,78.557,8.047,272.505,15763.773,7836.009,825.104,24424.89,84.79660142
2025,2,NJ,1404.807,973.129,149.247,2527.18,124456.603,102563.775,16453.366,243473.74,88.59338187
2025,2,NM,335.119,81.258,0.557,416.934,48808.912,11719.698,82.577,60611.19,145.6465077
2025,2,NV,1034.407,70.005,34.73,1139.14,131973.244,8950.467,4742.073,145665.79,127.5834792
2025,2,NY,1598.589,1873.849,15.895,3488.33,140992.144,174932.234,1497.662,317422.04,88.1978695
2025,2,OH,221.874,166.915,41.53,430.319,16524.157,14017.132,3556.28,34097.57,74.47540947
2025,2,OK,126.555,19.934,3.303,149.792,14980.329,2380.147,406.474,17766.95,118.3701079
2025,2,OR,350.583,119.094,17.058,486.735,28221.561,9442.715,1400.518,39064.79,80.49894319
2025,2,PA,1034.972,386.274,142.454,1563.7,79092.0,31624.242,11033.7,121749.94,76.41945869
2025,2,RI,152.941,50.503,5.85,209.294,15214.067,5336.301,640.313,21190.68,99.4767067
2025,2,SC,307.237,71.643,25.53,404.41,33665.349,8659.209,3075.822,45400.38,109.5745272
2025,2,SD,4.028,1.61,0.0,5.638,423.201,169.387,0.0,592.588,105.0647964
2025,2,TN,17.44,37.199,0.0,54.669,1781.047,3664.255,0.0,5448.39,102.1242546
2025,2,TX,2761.147,314.589,0.0,3084.95,318203.257,37016.256,0.0,356328.72,115.2431424
2025,2,UT,495.571,92.501,8.491,596.563,54030.719,10092.671,939.599,65062.99,109.0272009
2025,2,VA,526.519,166.996,4.303,697.818,60904.891,19358.804,490.981,80754.68,115.6746309
2025,2,VT,117.964,67.816,1.387,187.167,8676.999,4817.129,125.269,13619.4,73.55633074
2025,2,WA,440.5,70.933,1.728,513.161,35032.975,5651.697,152.365,40837.04,79.5300227
2025,2,WI,141.825,106.001,21.135,268.961,12255.268,9135.896,1823.241,23214.41,86.4111969
2025,2,WV,33.897,10.866,1.788,46.551,3367.837,1081.71,170.502,4620.05,99.35501667
2025,2,WY,19.795,2.164,0.426,22.385,2052.285,214.467,40.41,2307.16,103.6769386
